,relationRT,relationOrange,relationBlue,relationOrangeBlue,expRT,expOrange,expBlue,expBoth,intention1RT,intention1,intention2RT,intention2,desireRT,desire,knowledge1RT,knowledge1,attentionCheckRT,attentionCheck,attention1RT,attention1,attention2RT,attentionOrange,attentionBlue,attentionBulb,id,language,age,gender,condition,totalRT,flat,intentionMean,relationBlueNorm,relationOrangeNorm,relationOrangeBlueNorm,max,expBlueNorm,expOrangeNorm,expBothNorm,expectationMax
1,15.246,9,1,5,8.955,9,9,3,3.589,9,3.52,9,3.072,9,4.264,3,3.079,1,7.238,2,11.102,0,0,1,5f22f7cf950b7403b88e8deb,Spanish,24,Female,condition 1,2.331516667,FALSE,9,0.066666667,0.6,0.333333333,15,0.428571429,0.428571429,0.142857143,21
2,15.546,8,3,8,12.504,4,9,4,4.512,6,3.62,9,3.521,9,4.524,5,7.033,2,6.616,2,7.956,0,0,1,608186dfc368e926ac75f982,Spanish,25,Other,condition 1,2.859166667,FALSE,7.5,0.157894737,0.421052632,0.421052632,19,0.529411765,0.235294118,0.235294118,17
3,29.857,5,2,7,18.226,6,6,3,7.338,7,5.295,6,4.408,7,5.06,8,4.776,2,9.445,2,16.244,0,0,1,5e6eee3b59a3bd4ab98f849e,English,32,Male,condition 2,3.442766667,FALSE,6.5,0.142857143,0.357142857,0.5,14,0.4,0.4,0.2,15
4,12.793,9,1,1,12.618,1,1,1,4.282,9,6.132,5,6.597,1,6.062,8,4.727,1,9.96,2,11.324,0,0,1,6065db5d25d3846dd15edfff,portuguese,24,Other,condition 2,2.643216667,FALSE,7,0.090909091,0.818181818,0.090909091,11,0.333333333,0.333333333,0.333333333,3
5,16.309,9,1,5,9.179,9,9,9,4.045,8,3.828,9,5.089,9,4.927,1,4.168,6,14.684,2,13.156,0,0,1,5954f88f09a2890001b512ac,Estonian,35,Female,condition 1,2.990816667,FALSE,8.5,0.066666667,0.6,0.333333333,15,0.333333333,0.333333333,0.333333333,27
6,22.372,1,5,7,27.895,6,4,3,5.888,4,3.221,6,4.361,7,4.143,5,7.442,2,10.921,2,14,0,0,1,5d80a878ec33500001aaaa94,estonian,27,Female,condition 2,3.608483333,FALSE,5,0.384615385,0.076923077,0.538461538,13,0.307692308,0.461538462,0.230769231,13
7,14.137,9,1,1,13.448,5,9,7,3.982,9,3,9,3.204,9,6.191,4,4.504,1,6.548,2,8.165,0,0,1,5f3175dfe3807d01460c9eb0,English,32,NA,condition 1,2.63265,FALSE,9,0.090909091,0.818181818,0.090909091,11,0.428571429,0.238095238,0.333333333,21
8,18.703,5,5,9,16.696,4,8,5,6.428,7,3.969,8,5.726,9,8.11,4,6.272,3,18.94,2,22.349,0,0,1,5f6132f075b3fa0ac649fd3c,italian,24,Female,condition 1,3.76415,FALSE,7.5,0.263157895,0.263157895,0.473684211,19,0.470588235,0.235294118,0.294117647,17
9,22.679,1,8,9,14.886,9,4,9,5.774,9,3.44,9,5.768,9,8.016,4,7.503,3,11.423,2,12.319,0,0,1,6152dbf7c8bec3e8acbb2d9b,N Sotho,22,Female,condition 1,3.534116667,FALSE,9,0.444444444,0.055555556,0.5,18,0.181818182,0.409090909,0.409090909,22
10,15.352,5,5,8,14.361,1,1,1,7.796,7,4.433,6,3.85,8,11.549,7,8.005,1,12.662,2,20.596,0,0,1,60fc39cce64c39328a7c8904,Polish,25,Male,condition 2,4.4992,FALSE,6.5,0.277777778,0.277777778,0.444444444,18,0.333333333,0.333333333,0.333333333,3
11,39.248,5,1,9,21.594,5,5,8,10.246,8,4.534,9,5.05,9,10.385,5,7.381,1,9.91,2,11.665,0,0,1,6107065e11b9baa9ea1e3300,Swedish,37,Male,condition 2,4.6034,FALSE,8.5,0.066666667,0.333333333,0.6,15,0.277777778,0.277777778,0.444444444,18
12,30.09,6,3,8,23.188,3,9,6,6.215,8,4.156,9,6.629,9,7.095,2,7.134,2,10.991,2,11.693,1,1,0,615168c285406a8d37bbb506,spanish,34,Male,condition 1,3.596466667,FALSE,8.5,0.176470588,0.352941176,0.470588235,17,0.5,0.166666667,0.333333333,18
13,17.483,5,1,5,14.649,1,5,5,3.486,9,2.816,9,3.218,5,4.727,5,8.424,5,5.974,2,13.092,1,1,0,6106975c6d048f0719bcd193,English,28,Female,condition 2,2.616833333,FALSE,9,0.090909091,0.454545455,0.454545455,11,0.454545455,0.090909091,0.454545455,11
14,24.5,9,2,5,15.171,9,9,9,7.776,4,4.687,9,4.293,9,6.679,6,4.904,3,11.349,2,12.106,0,0,1,6139133041546096188da709,Spanish,21,Male,condition 1,3.87595,FALSE,6.5,0.125,0.5625,0.3125,16,0.333333333,0.333333333,0.333333333,27
15,35.562,1,1,9,27.207,8,9,1,8.868,9,4.567,9,4.623,9,9.263,6,6.431,1,10.07,2,10.215,0,0,1,5b2e7ece975e260001e921b7,Latvian,22,Female,condition 1,4.641266667,FALSE,9,0.090909091,0.090909091,0.818181818,11,0.5,0.444444444,0.055555556,18
16,18.577,8,2,3,13.83,1,9,1,7.852,4,5.109,8,9.456,7,10.258,4,55.609,3,11.139,2,13.015,0,0,1,6102a26b6d0c3aca4236910a,Latvian,19,Female,condition 1,4.429316667,FALSE,6,0.153846154,0.615384615,0.230769231,13,0.818181818,0.090909091,0.090909091,11
17,23.126,7,1,7,21.346,4,8,4,8.094,8,4.518,9,4.514,9,12.585,5,9.966,2,7.475,2,13.645,0,0,1,5c522508fcbef20001939a03,Portuguese,25,Female,condition 1,4.32355,FALSE,8.5,0.066666667,0.466666667,0.466666667,15,0.5,0.25,0.25,16
18,25.255,9,1,3,24.675,3,9,2,9.614,3,3.156,9,6.223,9,6.085,2,5.41,1,11.465,2,21.255,0,0,1,6131bec23728322dedc7d2f5,ENglish,32,Female,condition 1,3.780183333,FALSE,6,0.076923077,0.692307692,0.230769231,13,0.642857143,0.214285714,0.142857143,14
19,25.695,7,2,5,22.1,8,8,7,3.557,8,3.323,8,3.797,9,8.379,5,4.316,2,100.849,2,39.185,0,0,1,60d747a07815eaee68ed4124,NA,NA,NA,condition 1,4.864766667,FALSE,8,0.142857143,0.5,0.357142857,14,0.347826087,0.347826087,0.304347826,23
20,28.409,7,1,7,16.543,4,7,4,7.896,6,5.655,9,3.672,9,8.632,3,6.56,1,6.903,2,10.113,0,0,1,5ec3a28f46bca2016fc91c3f,Greek / German,NA,NA,condition 1,4.216483333,FALSE,7.5,0.066666667,0.466666667,0.466666667,15,0.466666667,0.266666667,0.266666667,15
21,32.747,5,5,9,13.598,5,5,9,3.913,9,3.242,9,3.871,8,8.604,9,12.872,4,12.273,2,15.505,0,0,1,6148b6b5b622547662d58f4c,Afrikaans,23,Male,condition 2,4.184866667,FALSE,9,0.263157895,0.263157895,0.473684211,19,0.263157895,0.263157895,0.473684211,19
22,63.867,5,3,7,35.897,8,6,8,8.754,9,5.297,8,3.018,9,4.771,7,9.436,4,14.991,2,10.533,0,0,1,589b7f625e63bf00013b2e5a,Polish,NA,NA,condition 1,4.382283333,FALSE,8.5,0.2,0.333333333,0.466666667,15,0.272727273,0.363636364,0.363636364,22
23,26.894,5,5,9,25.157,7,5,5,5.858,7,4.24,8,5.011,9,6.79,5,4.997,3,14.947,2,17.289,0,0,1,5fb125b6421ce1554a4cbb7f,Italian,25,Male,condition 1,4.293683333,FALSE,7.5,0.263157895,0.263157895,0.473684211,19,0.294117647,0.411764706,0.294117647,17
24,40.335,5,3,8,27.24,3,7,5,12.137,6,4.391,9,3.654,8,12.392,6,13.755,4,9.231,2,17.441,0,0,1,5e54f230a4cd214f0f6ca6f1,Russian,29,Male,condition 2,4.0477,FALSE,7.5,0.1875,0.3125,0.5,16,0.466666667,0.2,0.333333333,15
25,16.872,5,5,9,10.496,9,5,5,4.877,8,2.918,9,5.813,5,3.386,5,5.319,2,11.982,2,15.157,0,0,1,60904c94624b2f6fe5956504,Croatian,28,Female,condition 2,3.15705,FALSE,8.5,0.263157895,0.263157895,0.473684211,19,0.263157895,0.473684211,0.263157895,19
26,29.66,9,1,5,18.668,6,9,4,9.377,4,3.792,8,4.91,9,6.729,6,5.48,9,11.582,2,18.635,0,0,1,60fd1ec679d0faf958e4e1ec,french,21,Female,condition 1,4.012633333,FALSE,6,0.066666667,0.6,0.333333333,15,0.473684211,0.315789474,0.210526316,19
27,24.575,5,1,5,15.664,4,7,2,6.842,7,7.675,9,5.551,9,5.521,6,6.457,1,8.098,2,12.589,0,0,1,589b9715a7d45800010429b6,English,48,Female,condition 1,3.3868,FALSE,8,0.090909091,0.454545455,0.454545455,11,0.538461538,0.307692308,0.153846154,13
28,19.68,5,5,9,26.359,7,3,5,8.3,7,5.128,9,6.239,8,7.695,5,6.044,3,14.259,2,18.847,0,0,1,603d46cec71a1cbcaa9728a5,italian,23,Female,condition 2,4.33555,FALSE,8,0.263157895,0.263157895,0.473684211,19,0.2,0.466666667,0.333333333,15
29,17.401,6,6,9,31.343,7,7,9,6.13,8,4.118,8,4.758,8,3.862,8,4.548,3,10.585,2,17.002,0,0,1,613506424a9cfeba4dca7bc0,English,27,Male,condition 2,4.0015,FALSE,8,0.285714286,0.285714286,0.428571429,21,0.304347826,0.304347826,0.391304348,23
30,14.918,5,5,9,15.838,5,5,9,4.823,9,2.896,9,3.912,9,5.015,8,10.311,2,8.487,2,10.367,0,0,1,6138aea178ad34d722759561,hebrew,33,Male,condition 2,3.13255,FALSE,9,0.263157895,0.263157895,0.473684211,19,0.263157895,0.263157895,0.473684211,19
31,39.866,7,1,9,20.993,9,1,9,6.574,9,4.383,9,5.291,9,6.09,9,4.48,1,8.144,2,12.718,0,0,1,5e889c2d3aa428000bbf212e,Spanish,27,Female,condition 2,4.66,FALSE,9,0.058823529,0.411764706,0.529411765,17,0.052631579,0.473684211,0.473684211,19
32,23.007,8,2,2,17.485,2,4,7,7.838,5,3.839,7,4.232,7,4.696,6,4.216,2,8.935,2,19.191,0,0,0,5be971d66739f900018e4e23,Spanish,44,Female,condition 2,3.685,FALSE,6,0.166666667,0.666666667,0.166666667,12,0.307692308,0.153846154,0.538461538,13
33,12.573,6,1,9,13.52,7,8,9,7.581,9,5.548,9,4.146,8,4.526,7,10.486,2,8.306,2,10.002,0,0,1,60fd2716af893d507fa3b6de,English,22,Female,condition 1,3.156433333,FALSE,9,0.0625,0.375,0.5625,16,0.333333333,0.291666667,0.375,24
34,29.553,6,4,3,23.087,4,6,3,7.421,5,8.125,7,5.602,6,8.508,5,7.319,4,7.797,2,25.57,1,1,1,5e2d51e29247f434c01906a3,NA,NA,NA,condition 1,3.630583333,FALSE,6,0.307692308,0.461538462,0.230769231,13,0.461538462,0.307692308,0.230769231,13
35,42.628,6,4,7,32.704,5,7,8,7.8,3,9.774,8,7.683,7,9.938,4,11.308,6,11.727,2,35.29,0,0,0,6095a5a19f25b74bb3e8e5c5,French,18,Male,condition 2,5.410283333,FALSE,5.5,0.235294118,0.352941176,0.411764706,17,0.35,0.25,0.4,20
36,20.366,5,4,8,12.842,4,5,7,4.815,6,4.824,2,3.29,7,5.047,5,6.723,2,11.031,2,10.929,0,0,1,5edb83da3d15358034dc62f7,greek,25,Female,condition 1,3.669933333,FALSE,4,0.235294118,0.294117647,0.470588235,17,0.3125,0.25,0.4375,16
37,28.502,5,5,9,18.734,6,6,9,6.855,9,4.056,9,5.103,9,6.304,9,5.495,1,14.936,2,22.878,1,0,0,5c91bb1418adb600011a5e72,Spanish,33,Male,condition 2,4.294666667,FALSE,9,0.263157895,0.263157895,0.473684211,19,0.285714286,0.285714286,0.428571429,21
38,17.94,8,7,8,10.348,8,8,8,3.667,7,3.716,7,3.202,7,4.456,7,6.698,4,13.621,2,16.408,1,1,1,615b6abb6e03836881dc99d8,italian,25,Female,condition 1,2.794466667,FALSE,7,0.304347826,0.347826087,0.347826087,23,0.333333333,0.333333333,0.333333333,24
39,36.533,9,6,8,27.655,8,8,7,9.359,8,5.018,8,6.947,9,5.269,8,10.429,3,8.935,2,64.479,0,0,1,5fff1c36e4007860b8e70a00,Polish,28,Female,condition 2,5.828983333,FALSE,8,0.260869565,0.391304348,0.347826087,23,0.347826087,0.347826087,0.304347826,23
40,28.94,5,9,9,19.91,5,9,9,6.598,8,7.096,9,6.637,9,7.984,7,6.448,3,11.407,2,29.679,1,0,1,616fe5923739e373c33ee500,Xhosa,30,Female,condition 2,4.879616667,FALSE,8.5,0.391304348,0.217391304,0.391304348,23,0.391304348,0.217391304,0.391304348,23
41,28.114,1,1,9,31.711,1,1,9,7.808,9,5.957,9,10.987,9,7.55,8,7.482,1,22.317,2,20.832,0,0,1,615ace5aa72cd06120cce82f,NA,NA,NA,condition 2,5.7232,FALSE,9,0.090909091,0.090909091,0.818181818,11,0.090909091,0.090909091,0.818181818,11
42,24.323,7,3,5,26.478,3,7,3,14.718,3,4.416,7,5.608,9,18.408,3,7.069,3,11.927,2,38.255,1,0,1,61529489226293f64f626419,Latvian,30,Male,condition 1,4.793216667,FALSE,5,0.2,0.466666667,0.333333333,15,0.538461538,0.230769231,0.230769231,13
43,31.522,6,6,9,20.811,6,6,9,4.167,9,13.904,9,5.088,9,4.775,9,8.302,1,9.03,2,11.845,0,0,1,5d3f1485e4a75b0018fabac2,English,60,Female,condition 2,4.16795,FALSE,9,0.285714286,0.285714286,0.428571429,21,0.285714286,0.285714286,0.428571429,21
44,35.997,7,1,8,35.475,5,8,9,8.42,8,6.785,7,8.002,7,8.129,8,8.382,1,18.397,2,13.091,0,0,1,613ba0edafb39dca148083bb,Espa√±ol,21,Male,condition 1,5.3663,FALSE,7.5,0.0625,0.4375,0.5,16,0.363636364,0.227272727,0.409090909,22
45,15.247,1,1,9,13.35,5,5,5,6.311,9,3.391,9,3.976,9,4.928,9,5.791,1,8.896,2,11.952,0,0,1,5f47fd1ad8bdca27ba978764,Swedish,37,Female,condition 2,3.39645,FALSE,9,0.090909091,0.090909091,0.818181818,11,0.333333333,0.333333333,0.333333333,15
46,26.754,2,2,9,12.014,2,2,9,4.633,9,4.291,9,3.766,9,4.012,9,6.538,1,16.656,2,13.643,0,0,1,610a4fe4817ef120648c9d2b,NA,NA,NA,condition 2,3.402183333,FALSE,9,0.153846154,0.153846154,0.692307692,13,0.153846154,0.153846154,0.692307692,13
47,27.456,4,6,8,31.218,6,5,6,8.038,8,3.638,7,7.694,8,6.873,4,8.236,3,15.422,2,15.502,0,0,1,6170989662ba0721cc90147c,French,29,Female,condition 2,4.419666667,FALSE,7.5,0.333333333,0.222222222,0.444444444,18,0.294117647,0.352941176,0.352941176,17
48,29.948,9,3,6,28.232,3,9,7,8.678,6,4.41,9,4.46,9,4.79,7,6.383,2,11.297,2,12.645,0,0,1,6164898326b315033e6c6e71,English,20,Male,condition 2,5.098683333,FALSE,7.5,0.166666667,0.5,0.333333333,18,0.473684211,0.157894737,0.368421053,19
49,40.514,5,5,9,23.732,4,4,9,7.198,8,4.083,8,5.25,7,8.066,7,9.499,3,10.866,2,18.182,0,0,1,614e6d33a61b00cbe601ea78,spanish,24,Female,condition 2,5.29495,FALSE,8,0.263157895,0.263157895,0.473684211,19,0.235294118,0.235294118,0.529411765,17
50,13.458,4,4,9,20.393,3,3,3,4.625,8,6.608,8,5.79,8,3.354,8,4.063,2,6.572,2,9.615,0,0,1,6146f00304ffc2626b914d5e,English,38,Female,condition 2,2.97265,FALSE,8,0.235294118,0.235294118,0.529411765,17,0.333333333,0.333333333,0.333333333,9
51,24.267,1,4,6,13.444,1,8,8,3.29,7,2.167,8,3.563,8,4.14,5,12.089,3,9.345,2,6.905,0,0,1,611c05c2d9c335f50dc7331f,Dutch,19,Male,condition 1,3.471666667,FALSE,7.5,0.363636364,0.090909091,0.545454545,11,0.470588235,0.058823529,0.470588235,17
52,18.431,8,1,8,15.078,7,7,3,5.175,9,3.696,9,2.928,9,5.232,2,5.024,2,9.399,2,11.615,0,0,1,5f7b57a09155a20fb21f0420,greek,25,Female,condition 1,3.3125,FALSE,9,0.058823529,0.470588235,0.470588235,17,0.411764706,0.411764706,0.176470588,17
53,29.036,4,2,9,25.379,4,2,9,13.396,8,5.456,7,6.582,9,9,6,8.46,1,9.91,2,14.299,0,0,1,5e00a150ff28a8c8fd4ce99a,English,54,Female,condition 2,4.5918,FALSE,7.5,0.133333333,0.266666667,0.6,15,0.133333333,0.266666667,0.6,15
54,29.971,1,1,9,41.708,1,2,8,4.417,8,7.885,9,6.095,8,6.04,8,8.207,2,15.5,2,24.032,0,1,1,5e2d847b6fcec73645cd20f0,Greek,25,Male,condition 2,4.9253,FALSE,8.5,0.090909091,0.090909091,0.818181818,11,0.181818182,0.090909091,0.727272727,11
55,39.548,8,4,7,30.768,8,8,2,10.218,8,3.656,9,4.14,9,6.079,6,8.31,1,7.826,2,20.111,0,0,1,5dd8da70fef7c2880a12500d,English,34,Male,condition 1,3.903533333,FALSE,8.5,0.210526316,0.421052632,0.368421053,19,0.444444444,0.444444444,0.111111111,18
56,61.089,5,6,8,12.854,7,6,8,4.503,7,11.608,9,4.632,9,8.991,7,8.151,2,16.568,2,20.374,0,0,1,611d03b822d4c8e041ea0c32,English,25,Female,condition 2,4.638216667,FALSE,8,0.315789474,0.263157895,0.421052632,19,0.285714286,0.333333333,0.380952381,21
57,14.926,3,3,8,17.426,4,3,7,3.427,7,3.152,7,2.465,7,3.628,7,3.432,3,7.056,2,10.732,0,0,1,5c4068a67f81e900012b281e,English,26,Male,condition 2,2.3884,FALSE,7,0.214285714,0.214285714,0.571428571,14,0.214285714,0.285714286,0.5,14
58,31.122,8,7,9,14.187,7,7,9,7.52,7,4.155,9,5.279,7,5.519,7,14.564,2,11.548,2,10.183,0,0,1,5e73ded1027e893642055f86,Greek,24,Female,condition 2,4.692433333,FALSE,8,0.291666667,0.333333333,0.375,24,0.304347826,0.304347826,0.391304348,23
59,15.208,9,6,6,22.455,4,3,7,6.57,6,5.378,7,3.592,8,3.829,5,5.446,3,15.117,2,10.208,0,0,1,5ebc3b504d0cc505d779b1ef,NA,NA,NA,condition 2,3.19495,FALSE,6.5,0.285714286,0.428571429,0.285714286,21,0.214285714,0.285714286,0.5,14
60,21.814,1,1,9,24.296,1,1,9,6.769,9,5.406,8,5.234,9,23.724,9,10.453,2,12.117,2,18.879,0,0,1,5e8dddaf3d1b57068b77b2f2,Latvian,20,Female,condition 2,6.7338,FALSE,8.5,0.090909091,0.090909091,0.818181818,11,0.090909091,0.090909091,0.818181818,11
61,15.97,9,1,5,9.098,7,3,7,5.679,9,5.456,8,2.674,8,8.048,6,3.667,3,9.447,2,12.366,0,0,1,5d52ab52a451dd0019036227,NA,NA,NA,condition 1,2.494416667,FALSE,8.5,0.066666667,0.6,0.333333333,15,0.176470588,0.411764706,0.411764706,17
62,51.714,8,1,9,45.877,5,5,7,6.231,9,4.555,9,4.437,9,13.144,7,11.894,3,21.352,2,20.978,0,0,1,60afa1cf7a3190708f680de2,Xhosa,33,Male,condition 2,5.50885,FALSE,9,0.055555556,0.444444444,0.5,18,0.294117647,0.294117647,0.411764706,17
63,34.828,4,4,9,20.837,4,4,8,9.817,7,7.131,8,6.187,8,6.861,8,11.719,2,19.04,2,22.492,0,0,1,60ab92bc427614f8a9f660bf,italian,22,Female,condition 2,5.321383333,FALSE,7.5,0.235294118,0.235294118,0.529411765,17,0.25,0.25,0.5,16
64,19.023,6,1,8,32.478,3,8,5,3.919,9,3.129,9,3.911,8,4.943,8,6.135,3,10.759,2,10.695,0,0,1,607417a6a2b03d66922db6c1,Portuguese,23,Female,condition 2,4.086816667,FALSE,9,0.066666667,0.4,0.533333333,15,0.5,0.1875,0.3125,16
65,31.799,5,5,8,21.527,6,3,8,6.991,8,3.888,9,5.28,8,7.255,7,5.863,4,10.416,2,19.632,0,0,1,6092d6c40ddf25b74e934eef,Greek,26,Male,condition 2,4.00705,FALSE,8.5,0.277777778,0.277777778,0.444444444,18,0.176470588,0.352941176,0.470588235,17
66,29.786,5,5,9,12.932,7,7,9,4.906,9,5.181,9,3.977,9,5.657,9,5.718,1,11.081,2,17.821,0,0,1,5f516f7a9fbb963ab5530171,English,20,Male,condition 2,3.72755,FALSE,9,0.263157895,0.263157895,0.473684211,19,0.304347826,0.304347826,0.391304348,23
67,14.821,7,3,9,20.243,6,6,7,6.013,8,5.287,7,4.613,9,4.717,4,4.861,1,12.315,2,40.441,0,0,1,60e099244c0d9d0e106d9459,italian,18,Female,condition 1,4.553316667,FALSE,7.5,0.157894737,0.368421053,0.473684211,19,0.315789474,0.315789474,0.368421053,19
68,46.642,7,4,8,23.649,7,5,8,11.691,7,7.651,8,6.166,9,6.459,8,10.874,2,26.27,2,22.349,0,0,1,617283c7175df5d1f087071c,NA,NA,NA,condition 2,4.747833333,FALSE,7.5,0.210526316,0.368421053,0.421052632,19,0.25,0.35,0.4,20
69,55.739,6,5,8,38.384,7,8,6,6.504,8,3.562,7,4.314,8,8.192,6,6.359,2,15.467,2,13.646,0,0,1,60e5b46b01e315887e930069,polish,NA,NA,condition 1,5.01525,FALSE,7.5,0.263157895,0.315789474,0.421052632,19,0.380952381,0.333333333,0.285714286,21
70,31.119,7,2,5,12.185,7,5,5,8.922,8,4.089,8,5.277,8,5.237,7,6.043,5,11.555,2,17.224,1,0,1,5e7f2dbd2b1f09000aaa2449,spanish,29,Male,condition 1,4.916383333,FALSE,8,0.142857143,0.5,0.357142857,14,0.294117647,0.411764706,0.294117647,17
71,45.561,6,1,9,20.483,1,1,9,10.843,9,4.776,9,5.139,9,5.782,9,9.698,1,15.85,2,16.064,0,0,1,5c8f70a02675ca0001daf60a,Italian,33,Female,condition 2,4.815916667,FALSE,9,0.0625,0.375,0.5625,16,0.090909091,0.090909091,0.818181818,11
72,55.134,9,1,5,21.083,3,7,5,13.629,7,8.032,7,7.447,8,17.007,6,11.624,3,30.479,2,39.566,0,0,1,613f08c15331ae97a76a91b9,Portugueses,19,Female,condition 1,6.7275,FALSE,7,0.066666667,0.6,0.333333333,15,0.466666667,0.2,0.333333333,15
73,28.764,7,3,5,23.551,3,7,5,7.598,8,3.929,9,5.958,8,3.524,7,4.737,1,11.381,2,8.407,0,0,1,5f9152c0c0568f02fa4ad2c4,polish,21,Male,condition 2,3.9639,FALSE,8.5,0.2,0.466666667,0.333333333,15,0.466666667,0.2,0.333333333,15
74,24.243,5,1,9,33.513,6,1,9,8.597,2,4.439,9,4.616,9,7.599,7,7.392,1,9.678,2,12.429,0,0,1,60b7cff53a6586d87da219db,English,31,Male,condition 1,4.2749,FALSE,5.5,0.066666667,0.333333333,0.6,15,0.0625,0.375,0.5625,16
75,24.781,6,5,8,26.434,5,6,7,9.608,7,4.519,8,10.168,8,5.496,7,8.362,6,10.224,2,17.137,0,0,1,5f9c4f0d30ae1a0cd101a97b,Italian,25,Female,condition 2,4.749983333,FALSE,7.5,0.263157895,0.315789474,0.421052632,19,0.333333333,0.277777778,0.388888889,18
76,33.199,3,6,9,19.353,7,7,9,10.029,6,5.173,9,8.67,9,7.425,6,6.35,5,30.283,2,33.958,0,1,1,6170515180056df60ce0808f,English,22,Female,condition 1,5.8249,FALSE,7.5,0.333333333,0.166666667,0.5,18,0.304347826,0.304347826,0.391304348,23
77,28.775,4,4,9,48.222,4,4,9,10.63,9,6.744,9,3.504,9,3.824,9,12.4,2,17.687,2,18.159,0,0,1,60eea42d73cacede6b54abbe,Sotho,33,Female,condition 2,5.696633333,FALSE,9,0.235294118,0.235294118,0.529411765,17,0.235294118,0.235294118,0.529411765,17
78,20.236,4,6,8,19.544,6,5,6,6.181,5,5.309,6,4.468,7,4.862,5,6.018,1,10.78,2,19.319,0,0,1,604f621ad876bbfb0d9212cf,Spanish,28,Male,condition 2,2.997616667,FALSE,5.5,0.333333333,0.222222222,0.444444444,18,0.294117647,0.352941176,0.352941176,17
79,42.903,9,1,5,37.723,4,8,6,8.423,7,5.367,8,7.886,8,7.221,7,6.32,3,33.016,2,36.326,0,0,1,5c9920556825d900019bab7a,NA,NA,NA,condition 1,7.002866667,FALSE,7.5,0.066666667,0.6,0.333333333,15,0.444444444,0.222222222,0.333333333,18
80,25.228,5,5,9,22.698,3,6,9,4.757,9,5.886,8,5.749,5,6.462,5,11.671,2,19.529,2,35.72,0,0,1,5ef67612126bfa36576e1b03,NA,NA,NA,condition 1,4.586566667,FALSE,8.5,0.263157895,0.263157895,0.473684211,19,0.333333333,0.166666667,0.5,18
81,36.924,8,1,5,35.838,4,8,4,10.016,5,7.67,6,7.321,8,11.127,3,10.866,2,24.012,2,16.125,0,0,1,6060d04e74284adf382cf75c,Polish,NA,NA,condition 1,5.856,FALSE,5.5,0.071428571,0.571428571,0.357142857,14,0.5,0.25,0.25,16
82,19.895,8,6,8,18.765,6,8,7,6.343,8,6.71,8,4.671,8,5.647,7,5.88,3,11.984,2,15.518,0,0,1,5ab7f4341667e40001d7cfd7,Portuguese,35,Male,condition 2,3.545283333,FALSE,8,0.272727273,0.363636364,0.363636364,22,0.380952381,0.285714286,0.333333333,21
83,31.926,6,6,9,31.83,1,1,9,6.779,9,7.264,8,6.027,9,7.071,9,7.855,1,19.415,2,33.589,0,0,1,615b50604b6d0c6919055f37,italian,27,Male,condition 2,5.561033333,FALSE,8.5,0.285714286,0.285714286,0.428571429,21,0.090909091,0.090909091,0.818181818,11
84,21.237,1,1,9,10.38,1,1,1,6.693,7,3.867,9,2.921,9,3.857,8,3.815,1,11.316,2,21.008,1,0,1,5bf573273b163d0001174fd3,Hungarian,33,Male,condition 1,2.950883333,FALSE,8,0.090909091,0.090909091,0.818181818,11,0.333333333,0.333333333,0.333333333,3
85,22.398,1,1,9,22.282,9,1,9,5.494,9,4.816,9,4.63,9,4.342,9,5.022,1,21.649,2,8.806,0,0,1,610bc92bdfb45b19ce2c46bb,IsiZulu,28,Female,condition 2,5.27895,FALSE,9,0.090909091,0.090909091,0.818181818,11,0.052631579,0.473684211,0.473684211,19
86,67.089,1,9,9,26.036,1,8,9,3.874,9,3.98,9,4.561,9,13.121,9,4.904,1,11.336,2,9.334,0,0,1,5f4174cf36442031ab52225a,Spanish,23,Other,condition 2,5.72755,FALSE,9,0.473684211,0.052631579,0.473684211,19,0.444444444,0.055555556,0.5,18
87,44.582,1,9,9,20.061,1,1,1,15.39,8,7.296,9,6.671,9,8.919,9,10.983,9,17.59,2,22.255,0,1,1,60e0228b9098979ce5063cfb,IsiZulu,37,Male,condition 1,6.38795,FALSE,8.5,0.473684211,0.052631579,0.473684211,19,0.333333333,0.333333333,0.333333333,3
88,51.096,7,3,9,74.907,1,1,1,34.194,9,5.878,5,6.242,9,12.748,7,10.522,2,19.296,2,65.128,1,0,1,5da582ec7fae68001792bd14,GREEK,62,Female,condition 1,8.593383333,FALSE,7,0.157894737,0.368421053,0.473684211,19,0.333333333,0.333333333,0.333333333,3
89,21.998,6,2,6,14.919,5,5,5,6.782,9,4.767,7,4.335,9,5.007,5,7.2,1,12.159,2,10.535,0,0,1,5ba1606a7afca3000194ff8a,english,36,Male,condition 2,3.403133333,FALSE,8,0.142857143,0.428571429,0.428571429,14,0.333333333,0.333333333,0.333333333,15
90,46.839,2,1,9,19.438,2,1,9,21.279,8,23.61,9,12.201,9,13.139,6,5.829,8,29.872,2,36.472,0,0,1,6148458378ae718e84a5a55b,Hebrew,59,Male,condition 2,7.834166667,FALSE,8.5,0.083333333,0.166666667,0.75,12,0.083333333,0.166666667,0.75,12
91,32.825,5,1,5,22.31,5,1,5,10.364,8,3.608,9,6.098,8,6.444,7,8.879,2,10.199,2,11.491,0,0,1,6166a5b57ad6e81904d655bc,Spanish,26,Male,condition 2,3.903383333,FALSE,8.5,0.090909091,0.454545455,0.454545455,11,0.090909091,0.454545455,0.454545455,11
92,27.248,8,1,8,22.734,2,8,6,7.654,4,4.063,9,4.618,9,7.353,2,6.447,3,14.891,2,18.773,0,0,1,612e02953840f5e90f0fe837,Shona,23,Male,condition 1,4.567316667,FALSE,6.5,0.058823529,0.470588235,0.470588235,17,0.5,0.125,0.375,16
93,18.148,7,4,9,12.17,9,7,3,12.661,7,4.231,8,4.303,9,4.671,4,7.08,3,19.302,2,11.413,0,0,1,5f76198ba661c70678e69b98,Russian,21,Male,condition 1,4.039383333,FALSE,7.5,0.2,0.35,0.45,20,0.368421053,0.473684211,0.157894737,19
94,29.76,8,2,5,32.517,6,7,5,5.095,8,6.27,9,3.718,9,6.988,6,15.564,1,9.77,2,16.103,0,0,1,61516dcd44bbe2388c6d6f3a,Spanish,29,Male,condition 1,3.959066667,FALSE,8.5,0.133333333,0.533333333,0.333333333,15,0.388888889,0.333333333,0.277777778,18
95,36.067,5,5,9,65.999,3,3,2,10.372,9,5.924,9,7.397,7,8.171,9,7.619,2,20.151,2,27.976,0,0,1,612383021976c4e2cac79581,Sepedi,24,Female,condition 2,5.889733333,FALSE,9,0.263157895,0.263157895,0.473684211,19,0.375,0.375,0.25,8
96,80.122,2,2,9,18.159,3,9,8,8.75,8,3.742,9,3.778,9,4.474,9,7.519,5,15.603,2,14.728,0,0,1,6102db96d41a4bf54acd678b,ENGLISH,28,Male,condition 2,4.952983333,FALSE,8.5,0.153846154,0.153846154,0.692307692,13,0.45,0.15,0.4,20
97,18.368,5,5,9,23.231,4,9,5,52.01,6,4.26,9,3.674,9,5.038,6,5.773,1,10.864,2,9.789,0,0,1,608539cd54e4230bbaaf4959,NA,NA,NA,condition 1,4.053416667,FALSE,7.5,0.263157895,0.263157895,0.473684211,19,0.5,0.222222222,0.277777778,18
98,30.396,5,5,8,18.375,5,5,9,5.897,8,3.892,8,5.282,9,7.294,8,8.415,3,13.389,2,44.239,0,0,1,5d57c3ebb125380017b555db,Greek,NA,NA,condition 1,4.236316667,FALSE,8,0.277777778,0.277777778,0.444444444,18,0.263157895,0.263157895,0.473684211,19
99,21.835,9,5,7,10.756,9,5,7,6.127,8,3.899,9,6.39,8,5.831,7,8.929,3,10.31,2,11.177,0,0,1,60feb47fe649c047dc5b75a5,dutch,23,Male,condition 2,3.461616667,FALSE,8.5,0.238095238,0.428571429,0.333333333,21,0.238095238,0.428571429,0.333333333,21
100,109.343,4,1,9,24.809,7,9,3,6.025,9,7.262,9,9.792,8,5.578,2,5.796,8,8.239,2,15.956,0,0,1,60199372bd48490e12a0d92e,Slovene,21,Male,condition 1,5.2174,FALSE,9,0.071428571,0.285714286,0.642857143,14,0.473684211,0.368421053,0.157894737,19
101,36.678,9,1,3,25.18,9,9,1,15.318,9,4.885,9,4.197,9,9.42,7,11.198,2,20.499,2,25.046,0,0,1,61060a3c9b601e8b2bb842ea,Spanish,NA,NA,condition 1,6.59135,FALSE,9,0.076923077,0.692307692,0.230769231,13,0.473684211,0.473684211,0.052631579,19
102,19.559,1,1,9,15.968,2,2,9,5.339,9,5.968,9,6.21,9,4.497,9,9.146,1,21.477,2,11.671,0,0,1,58905562670d6600012bda4b,Spanish,47,Male,condition 2,4.64015,FALSE,9,0.090909091,0.090909091,0.818181818,11,0.153846154,0.153846154,0.692307692,13
103,19.766,9,5,5,15.093,6,9,2,5.587,9,2.976,9,4.567,9,7.28,8,7.008,1,10.311,2,29.426,0,0,1,60f13031a4a3cc31dc71cf93,Italian,32,Male,condition 1,4.0672,FALSE,9,0.263157895,0.473684211,0.263157895,19,0.529411765,0.352941176,0.117647059,17
104,22.955,1,1,9,16.802,8,5,5,7.231,7,2.484,8,3.367,8,7.174,2,8.017,2,8.422,2,11.508,0,0,1,60ec2898e98488fc6b9d0aa6,Polish,19,Male,condition 1,3.589933333,FALSE,7.5,0.090909091,0.090909091,0.818181818,11,0.277777778,0.444444444,0.277777778,18
105,24.634,1,1,9,22.352,4,8,7,8.511,9,4.533,9,6.658,9,9.995,6,6.016,1,12.595,2,10.858,0,0,1,6166eb40f3fdb397f7333849,Hebrew,27,Male,condition 1,3.885033333,FALSE,9,0.090909091,0.090909091,0.818181818,11,0.421052632,0.210526316,0.368421053,19
106,50.274,7,5,7,35.8,5,6,8,11.149,7,9.215,9,7.438,8,9.111,8,6.174,1,12.469,2,11.333,0,0,1,5ef5c8738c92d822fbe4072c,Greek,31,Male,condition 2,5.069266667,FALSE,8,0.263157895,0.368421053,0.368421053,19,0.315789474,0.263157895,0.421052632,19
107,19.543,7,1,9,22.556,4,7,9,6.468,9,4.24,9,4.464,9,6.239,8,6.959,2,14.766,2,17.919,0,0,1,60e222957bb8b314f1883775,italian,21,Male,condition 2,3.968483333,FALSE,9,0.058823529,0.411764706,0.529411765,17,0.35,0.2,0.45,20
108,25.699,2,7,7,24.52,4,4,4,6.528,8,3.752,8,4.956,9,8.312,4,5.614,2,13.184,2,10.981,0,0,1,577bfad9d8e8880001b31280,English,67,Male,condition 2,3.828616667,FALSE,8,0.4375,0.125,0.4375,16,0.333333333,0.333333333,0.333333333,12
109,41.205,9,1,7,57.52,9,7,4,23.321,9,9.333,8,6.368,9,20.607,7,28.981,1,50.057,2,18.844,0,0,1,5b4ee6a830e986000136c7a8,Hungarian,39,Male,condition 1,6.9391,FALSE,8.5,0.058823529,0.529411765,0.411764706,17,0.35,0.45,0.2,20
110,30.036,5,5,5,22.861,5,5,5,11.28,5,6.796,9,15.112,6,10.314,2,10.408,1,28.412,2,13.338,0,0,1,613158c6036578839f7567c9,English,31,Female,condition 2,6.746233333,FALSE,7,0.333333333,0.333333333,0.333333333,15,0.333333333,0.333333333,0.333333333,15
111,48.148,5,1,9,68.058,4,7,2,17.756,8,5.454,9,10.761,9,7.913,7,10.495,2,17.232,2,21.072,0,0,1,6146fb92e89e10d7aa8662a2,English,46,Female,condition 2,6.313683333,FALSE,8.5,0.066666667,0.333333333,0.6,15,0.538461538,0.307692308,0.153846154,13
112,42.67,9,1,5,45.372,2,8,1,13.354,9,21.974,9,7.096,9,15.142,8,12.249,2,16.81,2,47.242,1,0,1,614cafc275fe6c0904897b81,NA,NA,NA,condition 2,7.5921,FALSE,9,0.066666667,0.6,0.333333333,15,0.727272727,0.181818182,0.090909091,11
113,34.82,5,5,9,61.675,7,5,9,13.22,7,7.791,5,6.256,7,10.768,6,9.431,1,30.877,2,26.142,0,0,1,60faab394a1729764adb9a29,Ndebele,46,Female,condition 2,8.969066667,FALSE,6,0.263157895,0.263157895,0.473684211,19,0.238095238,0.333333333,0.428571429,21
114,56.619,5,5,9,43.587,5,7,9,11.835,5,8.836,9,6.678,9,11.673,6,13.156,3,31.069,2,35.373,0,0,1,6078226a42618c94b141f281,NA,NA,NA,condition 1,9.131683333,FALSE,7,0.263157895,0.263157895,0.473684211,19,0.333333333,0.238095238,0.428571429,21
115,83.187,5,5,9,25.126,3,9,6,5.871,6,8.796,2,4.801,9,14.317,6,19.235,4,12.207,2,27.057,0,0,1,5f327e4f90c88803fa5e8b23,Spanish,20,Female,condition 2,7.93795,FALSE,4,0.263157895,0.263157895,0.473684211,19,0.5,0.166666667,0.333333333,18
116,16.473,4,1,9,11.431,1,1,9,5.533,8,3.958,9,3.43,8,4.559,3,4.398,1,12.505,2,377.197,0,0,1,5e81c7b87412d48be61aaaab,NA,NA,NA,condition 1,10.41515,FALSE,8.5,0.071428571,0.285714286,0.642857143,14,0.090909091,0.090909091,0.818181818,11
117,55.61,5,5,9,34.416,4,6,9,23.636,3,7.255,7,15.087,8,10.406,5,15.784,1,24.898,2,17.151,0,0,1,61742a7ce1d8d7bf5802d666,Xhosa,23,Female,condition 2,10.1382,FALSE,5,0.263157895,0.263157895,0.473684211,19,0.315789474,0.210526316,0.473684211,19
118,45.371,7,1,7,41.096,2,8,7,9.83,7,6.815,6,7.712,8,10.935,8,8.367,2,31.087,2,32.949,1,0,1,61547dd2ab5900ff913c0319,hungarian,30,Female,condition 2,7.18605,FALSE,6.5,0.066666667,0.466666667,0.466666667,15,0.470588235,0.117647059,0.411764706,17
119,42.411,5,5,9,38.362,1,1,1,7.555,8,4.685,9,9.723,8,7.458,8,6.081,7,14.978,2,38.924,0,0,1,6131e5ed48eda3512389118a,English,20,Male,condition 1,5.444616667,FALSE,8.5,0.263157895,0.263157895,0.473684211,19,0.333333333,0.333333333,0.333333333,3
120,30.982,4,4,8,15.663,4,4,8,8.436,8,4.958,8,6.098,8,10.752,8,13.597,8,19.097,2,77.791,1,0,1,614f3417e4a88aa46f2eec27,romanian,42,Male,condition 2,6.502033333,FALSE,8,0.25,0.25,0.5,16,0.25,0.25,0.5,16
121,42.529,5,5,9,25.575,3,4,2,7.322,2,6.1,9,6.67,1,5.042,2,10.658,9,18.023,2,17.64,0,1,0,614e82d5717d691f24efffc0,Bengali,30,Male,condition 1,5.247333333,FALSE,5.5,0.263157895,0.263157895,0.473684211,19,0.444444444,0.333333333,0.222222222,9
122,64.254,9,9,9,16.005,5,5,9,11.31,9,4.688,9,5.2,9,6.392,9,7.079,9,35.607,2,24.998,0,0,1,611e439018a8f9c36bfdf69d,English,29,Female,condition 2,7.187366667,FALSE,9,0.333333333,0.333333333,0.333333333,27,0.263157895,0.263157895,0.473684211,19
123,49.534,9,9,9,33.015,9,9,9,11.543,9,7.179,9,11.666,5,12.901,6,18.506,3,36.565,4,38.199,0,1,1,606ece31a13e6a1c1dd08aad,English,37,Female,condition 1,9.793116667,FALSE,9,0.333333333,0.333333333,0.333333333,27,0.333333333,0.333333333,0.333333333,27
124,29.783,1,5,9,53.799,5,7,5,11.046,8,4.768,9,5.976,9,8.2,5,8.672,1,15.791,2,9.927,0,0,1,611d3750174eba1ae1cd159b,zulu,40,Female,condition 1,4.672166667,FALSE,8.5,0.333333333,0.066666667,0.6,15,0.411764706,0.294117647,0.294117647,17
125,37.32,7,3,6,44.639,4,8,5,11.64,7,6.762,6,8.99,6,9.527,3,11.65,3,13.833,2,18.736,0,0,1,61070c0a6afe728c0a8fd2f9,latvian,20,Male,condition 2,6.686466667,FALSE,6.5,0.1875,0.4375,0.375,16,0.470588235,0.235294118,0.294117647,17
126,44.221,7,1,7,24.21,7,2,7,9.789,7,4.684,9,4.67,8,3.849,7,7.536,2,8.186,2,11.465,0,0,1,59d40cd1c732930001d8896c,Finnish,21,Male,condition 2,5.572283333,FALSE,8,0.066666667,0.466666667,0.466666667,15,0.125,0.4375,0.4375,16
127,39.694,9,1,4,25.076,3,4,2,19.023,6,4.592,4,6.903,7,5.455,2,7.231,1,13.382,2,17.526,0,0,1,6029479174e6342e08999a2e,Polish,24,Male,condition 1,6.508616667,FALSE,5,0.071428571,0.642857143,0.285714286,14,0.444444444,0.333333333,0.222222222,9
128,57.125,9,1,5,41.671,1,9,5,9.268,9,16.536,8,6.703,9,9.031,6,22.999,1,35.562,2,22.017,1,0,1,613af396c961eafc8a97b4c5,Spanish,23,Female,condition 1,7.712733333,FALSE,8.5,0.066666667,0.6,0.333333333,15,0.6,0.066666667,0.333333333,15
129,33.716,5,5,9,17.798,5,5,5,8.329,7,12.269,7,47.796,8,7.103,7,4.71,3,12.599,2,104.693,0,0,1,5ef60257cd680928de23ccae,Hungarian,26,Male,condition 2,7.732683333,FALSE,7,0.263157895,0.263157895,0.473684211,19,0.333333333,0.333333333,0.333333333,15
130,43.93,5,5,9,48.985,3,6,9,9.623,8,5.983,9,6.584,9,8.45,6,9.19,1,26.163,2,33.367,1,0,1,612cdaa2042b4d9b9fb16acd,Isixhosa,28,Female,condition 1,8.47215,FALSE,8.5,0.263157895,0.263157895,0.473684211,19,0.333333333,0.166666667,0.5,18
131,58.95,5,5,9,48.365,7,8,9,23.646,7,4.831,9,10.36,9,10.096,7,12,1,30.878,2,38.967,0,0,1,6125ae81fffb033104b65f5a,Tswana,34,Female,condition 1,10.93321667,FALSE,8,0.263157895,0.263157895,0.473684211,19,0.333333333,0.291666667,0.375,24
132,18.831,7,3,5,14.215,5,8,5,3.687,5,4,7,2.887,8,2.88,6,4.879,3,6.368,2,9.863,0,0,1,5fcd834970a25cca470880ae,English,23,Male,condition 1,2.471333333,FALSE,6,0.2,0.466666667,0.333333333,15,0.444444444,0.277777778,0.277777778,18
133,44.079,8,1,9,35.828,8,5,9,6.979,9,3.961,9,2.563,9,5.293,9,11.25,5,13.316,2,21.843,0,0,1,5f08439b3a08d6022c7b5759,italian,34,Male,condition 2,12.63933333,FALSE,9,0.055555556,0.444444444,0.5,18,0.227272727,0.363636364,0.409090909,22
134,60.977,5,5,9,45.405,6,5,8,17.528,8,5.548,7,8.981,9,13.349,7,12.121,3,21.005,2,49.594,0,0,1,611a2c1ca8f92b2b84567cf8,Afrikaans,45,Female,condition 1,9.3729,FALSE,7.5,0.263157895,0.263157895,0.473684211,19,0.263157895,0.315789474,0.421052632,19
135,43.706,9,8,7,14.83,9,9,9,9.899,8,9.079,8,13.301,9,2.45,8,9.469,6,50.369,2,28.686,1,1,1,6059c149e5ad673483a3c7ca,Xitsonga,32,Female,condition 2,9.392466667,FALSE,8,0.333333333,0.375,0.291666667,24,0.333333333,0.333333333,0.333333333,27
136,51.403,9,5,9,30.243,1,9,1,13.576,9,6.696,9,4.762,9,6.001,9,8.205,1,13.292,2,19.718,0,0,1,611f5fca1c852d6d56e5bf8d,Tshivenda,31,Male,condition 1,5.593133333,FALSE,9,0.217391304,0.391304348,0.391304348,23,0.818181818,0.090909091,0.090909091,11
137,44.114,7,3,7,38.759,4,9,4,18.716,5,19.51,4,12.626,9,11.403,7,22.827,6,22.664,2,11.317,0,0,1,6148b0a10180b9144bdb6bd7,Arabic,27,Female,condition 1,11.2745,FALSE,4.5,0.176470588,0.411764706,0.411764706,17,0.529411765,0.235294118,0.235294118,17
138,12.628,7,1,7,10.909,7,7,7,6.326,9,3.368,9,3.475,9,4.117,8,3.365,1,7.218,2,8.173,0,0,1,5b8011a80a67ca0001cc3f9b,English,NA,NA,condition 1,2.598416667,FALSE,9,0.066666667,0.466666667,0.466666667,15,0.333333333,0.333333333,0.333333333,21
139,40.893,7,1,9,23.434,3,7,9,12.364,9,7.121,9,10.746,7,6.558,5,7.983,1,17.87,2,19.033,0,0,1,609aee217cd40cf561d141d1,Italian,25,Female,condition 2,13.16403333,FALSE,9,0.058823529,0.411764706,0.529411765,17,0.368421053,0.157894737,0.473684211,19
140,65.658,4,3,9,31.147,3,9,4,7.652,9,6.564,8,9.127,9,9.599,6,7.756,6,33.295,2,33.291,0,0,1,608fc44017ca76ade5fd7128,IsiZulu,33,Male,condition 1,7.802316667,FALSE,8.5,0.1875,0.25,0.5625,16,0.5625,0.1875,0.25,16
141,81.9,1,1,9,29.058,1,1,9,8.167,7,26.45,8,11.439,9,14.514,8,5.347,3,56.651,2,60.586,1,1,1,615c1741d4630b25e6bc1cb9,English,24,Female,condition 1,10.34816667,FALSE,7.5,0.090909091,0.090909091,0.818181818,11,0.090909091,0.090909091,0.818181818,11
142,42.49,9,1,5,29.986,5,5,5,11.114,9,6.915,9,14.4,9,10.272,7,8.588,5,46.654,2,20.204,0,0,1,5f19a19756b453000a79f83b,Chichewa,48,Male,condition 1,7.253266667,FALSE,9,0.066666667,0.6,0.333333333,15,0.333333333,0.333333333,0.333333333,15
143,63.293,3,8,6,36.119,8,7,4,14.206,7,7.161,8,9.906,7,9.464,5,19.712,4,23.791,2,76.408,0,0,1,613506271ba175e369f9cefe,English,28,Female,condition 2,10.91535,FALSE,7.5,0.470588235,0.176470588,0.352941176,17,0.368421053,0.421052632,0.210526316,19
144,50.536,5,1,9,27.945,7,8,6,8.687,5,10.4,9,5.722,7,13.919,6,10.871,3,13.914,2,45.745,1,0,1,6165adc8da33afc997acf508,Shona,19,Male,condition 2,6.914216667,FALSE,7,0.066666667,0.333333333,0.6,15,0.380952381,0.333333333,0.285714286,21
145,57.702,2,2,9,68.543,1,1,9,7.206,9,7.062,9,9.09,9,74.904,8,9.145,3,99.684,2,130.478,0,0,1,5d9913488b3c7202c8a392a0,polish,33,Female,condition 2,12.54006667,FALSE,9,0.153846154,0.153846154,0.692307692,13,0.090909091,0.090909091,0.818181818,11
146,51.753,8,1,5,49.413,3,8,5,7.866,5,7.488,8,5.4,9,8.982,5,7.439,7,15.789,2,17.853,0,0,1,60f930c46df25698d755230d,English,26,Male,condition 1,13.96666667,FALSE,6.5,0.071428571,0.571428571,0.357142857,14,0.5,0.1875,0.3125,16
147,29.596,5,3,7,33.667,3,7,5,11.832,4,8.292,8,4.061,8,4.994,4,7.738,2,9.314,2,10.404,0,0,1,5c7da4066babcb000185028b,English,46,Male,condition 1,17.14666667,FALSE,6,0.2,0.333333333,0.466666667,15,0.466666667,0.2,0.333333333,15
148,34.016,9,5,9,63.483,5,8,9,26.609,6,12.183,8,8.281,9,12.292,4,11.565,1,37.193,2,30.802,0,0,1,612d86a981a81014cd1cb48f,Xitsonga,24,Female,condition 2,7.594066667,FALSE,7,0.217391304,0.391304348,0.391304348,23,0.363636364,0.227272727,0.409090909,22
149,716.041,2,7,8,18.676,2,5,8,6.831,7,4.093,8,5.379,8,7.239,5,8.773,1,11.055,2,10.679,0,0,1,61516c7d3c833383901cdb54,SPANISH,37,Male,condition 1,19.41136667,FALSE,7.5,0.411764706,0.117647059,0.470588235,17,0.333333333,0.133333333,0.533333333,15
150,47.558,5,5,9,60.414,3,3,8,16.744,7,16.503,7,13.189,7,16.184,7,16.141,2,14.185,2,24.477,0,0,1,61278ed955c9c0f27457ae1b,Zulu,25,Male,condition 2,8.338133333,FALSE,7,0.263157895,0.263157895,0.473684211,19,0.214285714,0.214285714,0.571428571,14
151,31.422,3,3,7,27.324,4,5,9,48.452,4,5.563,7,7.814,7,25.312,4,4.726,3,24.036,2,23.279,0,0,1,612f6349ea2aaf7985d7985f,english,20,Female,condition 2,6.066333333,FALSE,5.5,0.230769231,0.230769231,0.538461538,13,0.277777778,0.222222222,0.5,18
152,30.654,9,1,5,24.828,2,8,5,7.07,8,4.72,5,4.895,2,6.336,2,6.191,5,12.518,2,15.744,0,0,1,6152dd16bb267c42ab0f19c7,NA,NA,NA,condition 1,2.939716667,FALSE,6.5,0.066666667,0.6,0.333333333,15,0.533333333,0.133333333,0.333333333,15
153,70.876,9,1,7,23.492,7,9,1,15.106,6,4.549,9,5.56,9,7.646,7,5.897,1,7.205,2,18.569,0,0,1,614b413065c09b504a425057,Polish,NA,NA,condition 1,30.41925,FALSE,7.5,0.058823529,0.529411765,0.411764706,17,0.529411765,0.411764706,0.058823529,17
154,43.76,1,5,9,35.838,5,1,9,11.578,6,12.194,7,6.486,8,8.645,5,13.875,1,21.453,2,38.897,0,1,0,613c26e64b62a02b49f56947,spanish,24,Male,condition 2,29.62738333,FALSE,6.5,0.333333333,0.066666667,0.6,15,0.066666667,0.333333333,0.6,15
155,30.817,5,1,7,21.595,4,8,4,5.025,7,6.373,5,4.928,9,5.32,5,4.683,1,9.923,2,15.03,0,0,1,5974ce5364b35a00019dd811,French,22,Male,condition 2,3.43155,FALSE,6,0.076923077,0.384615385,0.538461538,13,0.5,0.25,0.25,16
156,39.237,8,6,9,13.414,7,2,9,7.229,9,3.393,9,3.502,9,5.445,8,5.809,1,14.256,2,10.576,0,0,1,5e21e653699ac44cc38ec1b0,Russian,27,Female,condition 1,4.019483333,FALSE,9,0.260869565,0.347826087,0.391304348,23,0.111111111,0.388888889,0.5,18
157,29.322,8,2,8,29.656,8,2,3,10.484,7,12.655,9,6.088,9,10.144,2,12.623,3,14.718,2,10.885,0,0,1,5de016f1a63c7b0947c54c6b,Greek,29,Female,condition 1,4.872133333,FALSE,8,0.111111111,0.444444444,0.444444444,18,0.153846154,0.615384615,0.230769231,13
158,47.011,9,5,9,25.69,9,9,5,9.079,9,6.592,9,3.808,9,6.711,9,10.727,1,19.14,2,14.149,0,0,1,60fe7c857e049641f422a6f4,English,28,Female,condition 2,5.078383333,FALSE,9,0.217391304,0.391304348,0.391304348,23,0.391304348,0.391304348,0.217391304,23
