,relationRT,relationOneTwo,relationBlueOne,relationBlueTwo,expRT,expButton,exp1,exp2,desire1RT,desire1,desire2RT,desire2,knowledge1RT,knowledge1,attentionCheckRT,attentionCheck,attention1RT,attention1,attention2RT,attentionButton,attentionBulb1,attentionBulb2,id,language,age,gender,condition,totalRT,flat,intentionMean
2,22.254,1,1,9,14.542,1,9,1,3.99,9,2.136,1,4.44,1,6.029,1,8.826,2,11.615,0,0,1,5e03fdb2ac9e16edc91d0108,Spanish,35,Male,condition 1,3.068833333,FALSE,8
3,22.484,1,1,9,16.445,1,5,5,7.867,2,6.326,8,4.529,6,4.743,3,9.762,2,10.752,0,0,1,60cb69b6d48b320885fbc1ae,NA,55,Female,condition 2,3.199666667,FALSE,9
5,18.661,6,4,8,26.46,4,7,3,2.88,4,4.294,3,3.857,6,6.424,5,17.067,2,15.608,0,0,1,5fa548464d75e0232275d55e,Slovene,19,Male,condition 1,3.741516667,FALSE,6.5
9,33.194,5,5,8,13.91,1,8,3,6.763,9,4.645,3,4.961,5,7.396,6,18.264,2,12.814,0,0,1,5f98377006e2bc0b6d557b11,Portuguese,25,Female,condition 1,3.80275,FALSE,8.5
10,11.188,1,1,9,8.241,1,1,9,5.202,2,7.794,7,5.116,8,7.361,1,7.875,2,7.387,0,0,1,5eefd6f33fe1d00dd32739d9,Portuguese,25,Male,condition 2,2.524983333,FALSE,9
12,20.427,5,8,8,15.456,1,7,2,4.53,6,7.41,1,6.738,5,5.656,2,7.905,2,12.05,0,0,1,5ef7d536bd27420f7e9d768a,italian,32,Female,condition 1,3.40775,FALSE,7.5
15,38.844,3,3,9,17.141,2,5,5,4.132,7,2.565,7,6.993,6,4.483,4,15.501,2,9.459,0,0,1,60fd12b7c6659dbf9040ae31,English,27,Female,condition 2,4.386,FALSE,7.5
16,25.444,3,2,9,10.801,1,6,9,4.879,6,3.024,6,5.248,9,6.007,1,11.083,2,9.961,0,0,1,5fdf4ff8b112b67125e0b2b1,Portuguese,20,Female,condition 2,3.509283333,FALSE,8
17,16.433,5,1,8,11.702,7,5,5,2.098,5,1.018,5,5.586,6,4.466,5,19.447,2,6.752,1,0,1,5ae5a589c67d830001ce8c73,Portuguese,67,Female,condition 2,3.336083333,FALSE,7.5
18,37.214,2,2,8,16.947,1,3,6,2.821,3,4.711,7,4.41,7,4.937,1,12.129,2,11.213,0,0,1,6081492e0fd61ab5685a689a,hungarian,20,Male,condition 2,3.432166667,FALSE,7.5
19,25.583,2,2,9,13.881,1,7,1,4.393,8,3.399,2,7.641,6,4.537,1,15.023,2,15.498,0,0,1,605baba8fd1a498fb4991a30,Greek,20,Female,condition 1,3.618233333,FALSE,6.5
20,27.499,1,1,9,16.192,4,7,2,5.343,8,6.316,1,7.012,7,4.495,6,12.867,2,10.216,0,0,1,5d30882271b7880019d738e3,chinese,24,Female,condition 1,3.604483333,FALSE,6.5
21,18.494,3,9,3,8.856,8,8,6,2.994,6,3.194,7,3.732,8,10.198,7,9.978,2,20.707,1,0,0,6017f7a1f57edd3a256c4dc6,turkish,29,Male,condition 1,2.705366667,FALSE,8
22,17.922,1,1,9,8.7,1,7,7,2.731,7,1.388,7,3.377,3,3.156,1,8.829,2,7.717,0,0,1,5e25529eab132b7bb83842f1,Italian,NA,NA,condition 2,3.259066667,FALSE,8
23,16.135,3,1,9,11.567,7,4,5,3.678,4,2.412,8,4.296,5,4.15,4,12.497,1,13.721,1,0,1,5d3ceaaf33b8940016258df8,GREEK,37,Male,condition 2,3.498383333,FALSE,7
24,32.142,5,1,7,17.149,2,5,5,4.354,5,1.396,5,5.545,7,5.214,3,14.767,2,11.166,0,0,1,60bfdb3344120974b658e947,Polish,18,Male,condition 2,3.79035,FALSE,7
25,20.761,1,1,9,18.551,1,9,9,5.101,5,1.317,5,3.509,5,5.753,1,10.387,2,8.077,0,0,1,5e482f13410cd9000bc937bb,italian,38,NA,condition 1,3.137233333,FALSE,9
27,31.038,1,1,9,27.499,1,9,9,5.141,8,2.19,8,9.384,7,6.492,8,18.949,2,10.971,0,0,1,61363c2d5b47470921ffc2b4,NA,NA,NA,condition 1,4.736133333,FALSE,8.5
32,35.818,2,2,7,40.46,2,9,5,5.288,9,3.399,6,10.87,7,13.823,5,19.654,2,14.16,0,0,1,5e865702d6d24f0c4a0a65e6,NA,NA,NA,condition 1,4.765466667,FALSE,7.5
36,39.776,3,4,9,13.483,2,9,4,4.977,8,4.953,4,6.374,7,8.278,8,12.231,2,12.991,0,0,1,61070399ac471b0149882b18,Spanish,22,Female,condition 1,4.947133333,FALSE,7
39,22.201,5,1,9,15.316,1,9,1,7.482,9,3.365,1,5.534,5,5.955,6,12.682,1,8.943,0,0,1,5abb9bcff69e940001d9171e,Polish,21,Female,condition 1,3.034116667,FALSE,5
40,25.408,2,1,9,9.483,1,1,9,3.534,1,2.759,8,3.266,7,3.688,4,19.542,1,13.829,0,0,1,6055d85c9f415eb7addde3cc,NA,NA,NA,condition 2,2.687566667,FALSE,8
41,21.369,1,1,9,11.061,1,9,9,5.475,8,4.874,9,5.836,5,5.863,1,9.195,2,10.37,1,0,1,614dd8cab435eccd4eca7397,polish,20,Female,condition 2,3.057583333,FALSE,9
44,50.575,2,2,9,19.965,3,3,8,8.217,3,4.188,8,5.314,7,7.579,1,14.81,2,11.472,0,0,1,57262ce40e21cd0008ce5d22,Finnish,38,Female,condition 2,4.420383333,FALSE,8
46,32.382,7,3,8,16.801,3,8,3,5.119,7,6.94,3,6.253,7,9.211,2,22.908,2,15.682,0,0,1,613b2476c6be53d17850a9fe,NA,NA,NA,condition 1,3.781833333,FALSE,5
47,30.359,3,9,9,16.674,1,1,9,7.594,2,2.006,9,5.7,9,5.903,1,16.66,2,8.862,0,0,1,5fbade0c4594d6b7c7d96ca9,Hungarian,20,Male,condition 2,4.107383333,FALSE,9
48,33.227,4,4,4,79.723,1,9,1,6.696,9,6.814,1,6.944,7,9.334,6,27.452,2,24.59,0,0,1,5e8dbc03461391042ebdf67c,NA,NA,NA,condition 1,5.90565,FALSE,8.5
49,70.573,3,3,9,18.356,5,9,1,5.663,8,5.722,1,5.948,8,6.969,3,17.152,2,12.361,0,0,1,5eb0003d7bb1a903b6a49414,Greek,20,Male,condition 1,4.803916667,FALSE,7.5
50,21.601,1,1,9,13.66,1,3,5,3.641,5,5.218,5,4.255,8,4.35,3,13.455,2,6.735,0,0,1,60acf60e082bae228fd4ad17,Danish,24,Female,condition 2,2.79645,FALSE,8.5
51,40.706,1,1,9,24.21,1,1,9,9.471,2,5.871,8,9.121,6,7.686,1,28.302,4,13.898,0,0,0,5ea2d7ffa288a5046841a874,English,80,Male,condition 1,5.6311,FALSE,7.5
52,154.82,1,1,9,12.478,1,9,1,5.608,9,11.039,5,25.336,4,7.592,3,12.516,2,13.031,0,0,1,603022675bdba4e2b7161d5b,Portuguese,22,Male,condition 1,6.542583333,FALSE,8
54,37.586,7,5,9,19.346,2,5,6,3.732,5,2.641,5,4.37,5,6.136,4,16.529,2,11.015,0,0,1,5ff8b21dd2ca6f12bdaa5be8,portuguese,18,Male,condition 2,4.0788,FALSE,7
55,35.342,3,1,9,12.925,1,1,9,3.327,1,7.728,9,3.064,9,8.023,1,9.814,2,12.432,0,0,1,5c4130f08daebb0001d1a27b,French,23,Male,condition 2,2.952533333,FALSE,9
56,22.293,5,1,9,19.809,1,4,7,3.368,5,2.449,7,5.623,5,7.441,5,18.401,2,13.228,0,0,1,5e42da6c4a5ec517392ee0a1,NA,NA,NA,condition 2,2.97785,FALSE,7.5
57,12.854,2,2,9,6.623,2,2,8,5.575,4,3.385,8,3.413,7,3.831,2,8.32,2,9.016,0,0,1,60fe5f65bf40c582873fefc2,Dutch,23,Female,condition 2,2.612783333,FALSE,8.5
59,27.257,2,2,7,21.838,1,5,4,7.891,5,3.955,5,5.324,6,6.475,4,18.227,2,11.59,0,0,1,5da9eddb59f3710012836dae,Portuguese,22,Male,condition 1,3.708933333,FALSE,6
60,18.095,6,2,8,8.911,1,9,2,4.208,9,2.275,1,3.827,9,4.46,2,7.532,2,8.317,0,0,1,5ea96dffa01cad04cfea50c3,Swedish,34,Female,condition 1,2.51885,FALSE,7
62,19.983,9,9,9,14.27,1,9,2,6.422,9,4.392,2,6.107,9,4.955,7,7.355,2,11.77,0,0,1,60ba8efa64517d05f7020bff,Bulgarian,22,Female,condition 1,3.28015,FALSE,8.5
63,14.191,1,1,9,8.412,1,9,1,2.784,9,1.717,1,4.396,4,4.754,1,15.182,2,7.367,0,0,1,5d372d6330b7be00166f6bce,Spanish,26,Female,condition 1,2.71825,FALSE,9
64,15.792,5,3,9,8.364,1,9,1,2.398,9,3.061,1,4.763,3,7.122,1,11.524,2,8.563,0,0,1,60ddc2639f3e18677ae3e129,English,24,Female,condition 1,2.483716667,FALSE,6
67,26.996,3,3,8,55.686,3,6,6,3.116,6,1.381,6,4.008,4,5.527,4,5.669,2,9.103,0,0,1,5fb590d309dec70ce2efdf3d,Portuguese,21,Male,condition 1,3.669833333,FALSE,5.5
68,61.108,5,5,9,17.412,1,1,9,3.916,1,2.912,9,5.264,9,5.422,1,10.934,2,10.012,0,0,1,60d01f5f9dc279ad4e3b1e38,Hebrew,45,Male,condition 2,4.022116667,FALSE,9
72,27.173,2,2,8,10.085,8,5,6,3.439,6,2.071,7,4.192,6,7.703,6,12.046,2,9.478,1,0,0,57e928630cb6700001dd8f8a,Portuguese,NA,NA,condition 2,3.309016667,FALSE,7
73,10.482,9,1,1,7.862,1,9,9,4.789,5,2.417,7,4.078,1,184.301,8,12.395,2,5.405,0,1,1,610dc2ad620eb33105fa06ef,Dutch,20,Male,condition 1,5.7881,FALSE,7
74,21.922,3,1,8,15.831,3,8,2,2.313,8,2.133,3,5.603,5,7.255,2,11.455,2,9.486,0,0,1,5f919fe5974bb4025abbb92e,Portuguese,20,Male,condition 1,5.509616667,FALSE,7.5
76,13.174,1,1,9,11.947,1,1,9,7.754,1,19.012,9,4.033,9,43.978,1,8.773,2,11.181,1,1,0,5fe1fa69e708b14ca8cc4e18,portuguese,NA,NA,condition 2,3.6018,FALSE,9
77,25.882,3,1,9,18.4,1,3,7,3.847,5,1.48,5,6.166,7,6.683,3,11.042,2,8.502,0,0,1,600577d1fa40d34077955a69,Polish,23,Female,condition 2,3.905316667,FALSE,7.5
78,18.59,3,1,9,10.365,5,1,9,6.464,2,5.224,8,2.559,7,3.16,3,9.943,2,8.791,0,0,1,5eacb952f2859100093a61df,Portuguese,23,Male,condition 1,3.30245,FALSE,7.5
80,43.938,1,9,5,27.867,1,9,2,5.708,9,4.915,2,5.78,7,4.848,1,17.735,2,24.041,0,1,0,6141c6a098c8fd68da3f01f6,IsiXhosa,20,Female,condition 2,5.288433333,FALSE,9
81,20.845,4,7,3,19.308,2,3,3,3.464,3,3.425,3,5.463,4,2.798,4,9.247,2,27.023,0,0,1,5eba98ceb89aff210c709192,Polish,19,Male,condition 2,3.412433333,FALSE,5
83,41.816,1,1,9,25.713,7,1,8,4.976,3,2.487,7,9.574,6,7.926,1,9.243,2,17.398,1,0,1,615ad5bea894bde31da0413e,Arabic,21,Male,condition 2,5.0147,FALSE,8
84,22.662,6,3,8,15.569,5,7,3,17.395,7,17.351,4,5.479,5,7.235,5,16.454,2,7.491,0,0,1,5a05b488120fb30001948623,English,34,Female,condition 1,4.200833333,FALSE,5.5
85,21.611,7,8,4,24.521,2,5,7,3.478,6,1.903,7,10.091,8,5.565,2,14.932,2,60.242,0,0,1,60b68fc2c92926cd9af2733b,Portuguese,22,Female,condition 2,4.969,FALSE,8.5
86,37.145,3,3,9,20.05,1,9,4,11.731,8,5.325,3,8.922,5,10.584,1,9.617,2,12.577,0,0,1,610c0dfdf8c82c7ad69af472,Slovene,21,Female,condition 1,4.469433333,FALSE,8
87,35.949,3,8,3,15.773,8,8,1,5.068,9,3.266,3,6.898,7,10.619,2,16.54,2,16.482,1,1,0,5e9a166d196ab009eb34bcdd,ITALIAN,25,Female,condition 1,4.514233333,FALSE,9
89,243.267,8,2,8,15.541,1,8,2,4.892,1,1.927,9,3.653,5,3.256,2,12.78,2,13.432,0,0,1,5c5108e39c016f0001f53d82,english,43,Male,condition 1,6.997616667,FALSE,7.5
90,36.732,3,2,9,19.754,8,8,2,3.932,8,3.1,2,6.501,8,12.149,2,11.46,2,14.043,0,0,1,5d549deaec261c001a88748f,English,38,Female,condition 1,5.050483333,FALSE,8.5
94,18.206,3,2,6,7.805,2,8,3,6.091,9,3.087,2,3.874,8,6.736,4,15.757,2,10.782,0,0,1,5f19559b9665f700090276c4,English,26,Female,condition 1,2.7311,FALSE,6.5
95,25.581,9,1,1,26.644,1,9,9,5.529,9,2.825,9,6.029,9,7.384,8,8.941,2,11.239,1,1,0,611e4fafd13d36faf98fdb26,Tswana,42,Female,condition 2,3.888966667,FALSE,8.5
96,34.616,3,4,9,22.323,1,5,4,5.926,5,2.318,4,5.348,5,7.352,3,24.541,2,13.864,0,0,1,5f7ed8d8d2ee9b1c24dc6f84,NA,NA,NA,condition 2,3.835366667,FALSE,8
98,28.416,3,1,9,16.544,2,9,2,3.968,9,2.886,1,5.411,6,5.694,1,31.507,2,7.312,0,0,1,60ffe904432e387cabb282b3,Spanish,21,Male,condition 1,3.627616667,FALSE,7
99,27.374,5,1,9,16.414,1,8,2,5.383,9,4.08,1,5.6,4,9.591,7,14.71,2,25.615,0,0,1,5fb6de74ff456813688f32fc,polish,21,Female,condition 1,3.943916667,FALSE,6.5
100,16.712,9,1,9,21.07,4,9,1,2.054,9,1.886,2,2.58,5,6.673,5,4.807,2,4.676,0,0,1,616ffbfe7b44b1236b1fc24e,Finnish,21,Male,condition 1,3.84325,FALSE,6.5
101,24.846,1,1,9,15.668,1,1,9,7.104,1,4.865,9,5.447,9,7.175,1,10.663,2,10.494,0,0,1,5c6d4210a2b39a0001691764,Portuguese,43,Female,condition 2,4.283916667,FALSE,8.5
103,23.648,9,3,8,14.071,9,1,9,6.757,2,7.266,9,5.721,9,4.824,1,24.762,2,14.805,0,0,1,57b6e26a1836cb000137b5ba,English,71,Female,condition 2,4.580183333,FALSE,8
105,46.721,4,3,9,42.819,3,9,1,18.264,9,4.869,1,6.734,3,7.651,7,36.444,2,17.756,0,0,1,60cce970ec57f6ea299895bd,NA,NA,NA,condition 1,5.797966667,FALSE,7
107,123.939,6,4,2,30.826,2,9,2,15.542,8,4.19,2,7.196,7,12.121,4,19.67,2,16.848,0,0,1,61290c984835b674072fc6ac,IsiZULU,21,Male,condition 1,8.511583333,FALSE,7
109,37.886,3,7,9,23.333,1,2,8,4.206,3,2.514,7,3.712,7,8.221,2,17.697,2,10.1,0,0,1,5edb8f751a69d48281214bc1,Portuguese,20,Male,condition 2,4.19435,FALSE,9
111,30.687,3,2,8,31.476,3,4,4,6.559,5,2.692,5,5.303,6,7.533,3,16.247,2,15.908,0,0,1,6107b22301b0737ed0f6c673,hungarian,20,Female,condition 2,4.335933333,FALSE,6
112,26.399,6,4,9,10.505,1,9,1,2.376,9,3.62,1,3.998,4,6.24,6,11.853,2,10.497,0,0,1,5ff0c10d9bf07d463b719e0e,Portugal,19,Male,condition 1,4.099383333,FALSE,5.5
113,21.248,1,1,9,9.51,1,5,5,3.359,5,1.512,5,4.073,3,5.728,3,10.031,2,10.744,0,0,1,56b1c58c390ebc000d5bf001,Dutch,41,Male,condition 2,3.423533333,FALSE,7
115,14.191,1,1,9,10.352,1,1,9,4.073,7,5.678,9,5.513,4,6.918,8,9.691,2,7.318,0,0,1,5f6f6363bc475b4ef318efb8,Telugu,20,Male,condition 2,2.78795,FALSE,6
116,31.333,1,1,9,26.055,9,1,9,4.287,1,2.368,9,5.792,8,5.984,9,12.374,2,49.031,1,0,0,5f6a07d3031e600480a4896b,Portuguese,23,Male,condition 2,4.65895,FALSE,8.5
117,24.796,2,4,7,20.218,1,9,3,2.874,9,2.794,2,5.912,4,7.875,3,8.699,2,10.238,0,0,1,5c573b734dabe6000176ac3d,NA,NA,NA,condition 1,3.82035,FALSE,8
120,42.061,5,7,4,14.916,7,6,7,6.04,5,2.111,6,16.944,6,17.311,4,13.903,2,13.946,1,0,1,5fe75ddffef4d157617afc85,Portuguese,19,Male,condition 2,4.172183333,FALSE,5
121,22.57,5,4,6,18.173,5,2,5,5.173,5,6.384,2,5.902,7,10.188,2,11.156,2,17.42,0,0,1,616829767ddec9e42886501d,English,36,Female,condition 1,4.006433333,FALSE,7.5
123,19.997,1,1,9,14.282,1,1,9,6.016,4,4.205,9,5.442,9,7.786,4,15.03,2,11.883,0,0,1,604cd7336ec393be8f7cfdf9,Portuguese,NA,NA,condition 1,3.479333333,FALSE,9
124,28.037,1,1,8,23.567,6,8,2,3.501,9,7.44,2,5.261,4,6.25,3,9.609,2,11.996,0,0,1,5a8bff4f000dab00018ccfce,English,26,Female,condition 1,3.935933333,FALSE,7.5
125,22.968,1,1,9,17.808,5,9,1,7.09,9,3.459,1,7.989,6,9.205,3,21.645,2,17.838,1,0,1,6024c1edf9b0e11f13c59cbd,Portuguese,NA,NA,condition 1,3.5286,FALSE,6
127,82.659,1,2,9,125.323,4,8,6,8.926,9,9.039,7,12.853,7,10.534,1,29.032,2,11.831,0,0,1,5773ac203146cb0001d1a27b,Cantonese,66,Female,condition 1,8.218666667,FALSE,6.5
131,53.886,6,1,9,17.273,9,1,9,6.767,7,4.471,3,5.391,4,6.997,2,22.99,3,13.309,1,0,0,5ec3ee66450ed7091d2b5fa1,portuguese,20,Female,condition 1,6.232316667,FALSE,6.5
132,33.463,1,1,9,18.781,1,1,9,10.936,7,6.455,9,5.715,9,7.085,1,14.151,2,19.129,0,0,1,6134deb0f64c920744a4b50c,English,24,Female,condition 1,4.7122,FALSE,7.5
134,18.423,9,4,7,9.899,1,9,9,3.546,9,1.467,9,10.802,9,3.808,2,12.832,2,8.271,0,0,1,5eada38722d640067ef3160a,Hungarian,21,Male,condition 2,3.148816667,FALSE,9
135,20.852,1,1,9,14.423,1,1,9,2.845,1,1.318,9,5.545,8,4.789,2,9.37,2,6.145,0,0,1,5fdb6d2e9059456a4ffb0e24,Portuguese,21,Male,condition 2,2.618583333,FALSE,9
136,51.292,9,5,9,30.25,6,7,9,6.031,8,5.479,7,4.185,6,5.991,8,7.029,2,12.157,0,0,1,615195c4b17a88281b916f35,ENGLISH,55,Female,condition 2,4.892866667,FALSE,6.5
139,50.004,1,5,8,23.468,8,2,8,4.01,7,2.144,7,4.969,8,27.824,3,23.963,2,26.427,0,0,1,615abed6ff1dbe448ee251fa,italian,NA,NA,condition 2,5.478916667,FALSE,8
140,20.693,1,1,9,18.997,1,9,6,6.327,9,5.409,6,5.345,5,5.569,1,8.745,2,11.895,0,0,1,610d37d392eceefd0088077b,NA,NA,NA,condition 1,6.55495,FALSE,9
141,13.283,1,1,9,14.032,1,7,1,2.751,9,2.464,1,5.103,2,7.491,2,14.679,2,9.885,0,0,1,5adf4b5b84d77d00014ae2ad,Polish,27,Male,condition 1,2.987333333,FALSE,5.5
145,78.292,1,1,9,44.83,7,2,9,5.499,8,18.443,8,32.212,5,13.96,5,40.994,2,17.467,0,0,1,614e351010435c9f51dee6bf,sesotho,26,Female,condition 1,9.830883333,FALSE,8
147,21.037,1,1,9,22.677,5,5,1,4.967,7,3.128,1,7.405,5,9.139,2,8.289,2,7.506,0,0,1,5f468185fdf3cf046a287a2d,Polish,18,Male,condition 1,3.6648,FALSE,8
148,20.606,1,1,9,28.581,3,2,8,9.744,3,2.247,8,7.36,8,12.639,2,11.238,2,10.454,0,0,1,5da329d4e6307e0016d01af8,italian,56,Male,condition 1,7.662483333,FALSE,8
149,30.071,2,2,8,19.566,2,8,1,7.575,7,4.055,2,6.248,6,8.567,7,30.127,2,14.319,0,0,1,6022ab2c61828901ec3e13e6,PortuguÃªs,19,Female,condition 1,9.317733333,FALSE,4.5
151,48.002,1,5,9,32.478,8,8,1,10.369,7,4.274,1,7.857,7,14.724,2,16.142,2,17.371,0,0,1,5e8f20a3d8c3591dcf96a249,Portuguese,34,Male,condition 1,5.47115,FALSE,8
152,49.979,9,1,9,15.347,1,9,1,4.287,9,2.943,1,6.192,9,8.327,6,14.165,2,14.547,0,0,1,615409afcfcc9627a0bf44c3,Hungaryan,29,Male,condition 1,4.682616667,FALSE,8
154,19.1,3,2,8,15.744,1,2,7,6.401,3,6.052,8,6.186,6,7.833,2,10.378,2,11.568,0,0,1,59b536d60516f6000197c3f9,Finnish,27,Male,condition 2,3.50195,FALSE,7.5
155,33.974,3,3,7,18.166,1,9,1,4.048,9,2.56,1,4.888,6,8.144,2,20.207,2,10.111,0,0,1,5ea958440d24f004332319bc,Italian,23,Male,condition 1,3.787316667,FALSE,8
156,43.401,1,1,9,15.38,1,1,9,7.518,5,2.27,5,4.767,5,5.055,2,15.405,2,16.516,0,0,1,5c5de570e1df700001ca7b90,Greek,36,Male,condition 2,3.9391,FALSE,8
158,31.265,1,7,9,17.692,1,9,3,2.934,9,3.613,1,5.248,7,5.616,1,12.512,2,12.414,0,0,1,5f5135b9e2b058337c95383f,Italian,24,Male,condition 1,4.127033333,FALSE,9
161,36.313,9,1,9,24.067,1,5,5,7.775,5,3.853,5,11.266,9,13.839,6,14.392,2,12.027,0,0,1,616e7311b862ae131e873c5b,Afrikaans,20,Female,condition 2,5.768483333,FALSE,8.5
162,39.23,3,3,9,18.021,1,3,9,4.639,3,3.415,8,7.151,9,6.439,1,8.982,2,11.975,0,0,1,612cf51053029f8397dde174,hungarian,31,Male,condition 2,4.143333333,FALSE,8
163,31.942,6,2,8,17.951,2,7,1,4.56,8,2.813,2,7.244,6,7.017,3,18.531,2,26.422,0,0,1,60074cdbdff485220c76bf6e,NA,NA,NA,condition 1,4.378533333,FALSE,7
164,20.789,3,3,8,9.566,1,7,2,3.711,7,2.352,1,4.927,8,4.855,2,6.623,2,10.286,0,0,1,5e4a932344498f4e361fee0d,Portuguese,23,Male,condition 1,4.928116667,FALSE,8
165,46.353,6,2,9,32.108,3,2,5,7.174,5,6.059,6,16.839,6,11.193,1,23.166,2,11.205,0,0,1,5d923331f688d40018fa2465,english,NA,NA,condition 2,5.0685,FALSE,7
168,28.73,3,6,9,20.543,3,7,7,6.971,7,4.273,7,8.446,7,8.404,4,27.678,2,119.201,1,0,1,6033a1941b87ed06a321eceb,Portuguese,21,Female,condition 2,8.122833333,FALSE,7
169,36.002,9,1,1,66.323,1,9,9,7.219,9,3.511,9,6.835,5,11.201,1,44.154,2,30.378,0,0,1,610cfd6286acd76d66958ed4,Sesotho,22,Female,condition 2,7.55855,FALSE,8
172,51.673,1,1,9,24.714,1,1,9,7.385,4,4.466,8,9.591,7,8.177,1,19.764,2,19.155,0,0,1,60e6083d66927370720965cd,English and Shona,28,Female,condition 2,7.198,FALSE,7
173,36.688,1,4,9,22.846,3,9,1,3.864,8,4.928,1,5.785,9,8.599,1,29.895,2,17.382,0,0,1,61547dd2ab5900ff913c0319,hungarian,30,Female,condition 1,6.32155,FALSE,8
174,25.358,1,1,9,34.319,1,1,9,4.448,1,2.307,9,12.291,5,30.783,1,16.702,2,11.263,0,0,1,5d9202439796b3001772abb1,Portuguese,21,Male,condition 2,5.735733333,FALSE,9
175,39.922,5,6,7,33.445,1,8,1,4.958,9,5.637,2,8.745,3,11.211,1,13.019,2,28.063,0,0,1,6140ee83801ff38eecb48742,English,45,Male,condition 1,5.800283333,FALSE,4.5
176,19.347,7,3,8,33.981,6,7,3,4.232,7,1.141,6,5.274,6,5.548,8,79.222,2,10.34,0,0,1,5c883760e0f6e50017f0abbb,Spanish,33,Male,condition 1,6.146566667,FALSE,7
177,42.165,7,6,6,17.148,8,5,5,4.255,5,1.464,5,7.512,6,7.208,2,20.359,2,27.341,0,0,1,5e95f879f4d19b04d6187052,Polish,35,Male,condition 2,5.598716667,FALSE,5
178,20.478,5,5,9,16.598,3,3,6,3.896,4,3.756,7,4.087,6,5.88,3,9.583,2,10.664,0,0,1,5dcaf79948e7867d0b6fca55,English,22,Female,condition 2,3.666716667,FALSE,6.5
179,34.261,2,2,8,19.4,3,8,2,7.648,9,4.303,1,10.815,2,7.328,7,23.406,2,18.542,0,0,1,5f496d9b8d19d84c8be54981,English,25,Male,condition 1,7.227766667,FALSE,8
180,28.41,1,1,9,32.319,1,1,9,4.487,1,2.275,9,6.675,5,31.671,1,15.046,2,10.264,0,0,1,5e3da2a0d53178012dfeeb7e,portuguese,21,Female,condition 1,5.847066667,FALSE,9
182,73.59,9,9,9,29.514,9,9,9,8.095,8,3.924,8,19.974,8,13.167,2,23.437,2,35.161,0,0,0,615c58b7a1a53a40250aab70,IsiXosa,24,Female,condition 2,7.2648,FALSE,8.5
184,22.754,5,3,7,15.801,2,6,3,3.755,7,2.035,3,4.922,3,5.175,3,20.085,3,8.146,0,0,1,5f59092fe0e0c60df05fd636,Italian,19,Male,condition 1,7.224983333,FALSE,4.5
185,41.996,1,1,9,26.479,8,7,1,6.021,6,4.28,1,15.556,8,7.088,2,10.993,2,17.381,0,0,1,6032258094c5ae1df9ef076c,Polish,22,Male,condition 1,5.679733333,FALSE,6
186,37.002,5,2,8,18.811,1,9,2,6.003,8,5.052,2,8.385,4,6.825,2,75.685,2,13.37,0,0,1,5fb560596962c203baf6574e,italian,20,Male,condition 1,6.206266667,FALSE,9
188,50.771,6,2,9,20.417,8,9,2,4.036,9,3.316,2,7.121,1,9.733,3,37.162,2,15.591,0,0,1,5efb9ca4a02b23129d43dbeb,English,21,Male,condition 1,7.55085,FALSE,7
189,22.765,5,8,9,15.642,1,9,3,6.975,8,6.256,1,10.663,6,5.559,1,7.743,2,10.49,0,0,1,5f10d986c17a1b14906801a6,Italian,29,Female,condition 1,4.888983333,FALSE,6.5
190,41.151,2,2,7,43.182,3,7,7,7.024,5,3.846,5,13.621,8,10.297,3,26.321,2,18.734,0,0,1,60b6c05c689b8f898298e4d2,English,29,Male,condition 2,9.9709,FALSE,8
191,37.621,6,4,9,13.036,1,9,1,7.096,9,4.2,1,11.247,7,8.629,7,16.567,2,8.63,0,0,1,615874b1da0995dbb7df6c6b,Portuguese,36,Male,condition 1,6.865766667,FALSE,9
192,53.458,5,1,9,44.113,1,9,1,8.382,9,3.559,1,6.267,9,8.539,8,13.94,2,20.992,0,0,1,5fb70800c645491e11fdb192,igbo,29,Female,condition 1,8.61995,FALSE,8.5
197,78.974,1,5,9,39.269,1,1,9,10.63,4,5.119,9,9.068,9,10.578,1,25.809,2,32.312,0,0,1,61532b36fb52a48d503d14f2,Venda,24,Female,condition 2,9.022416667,FALSE,9
198,14.514,6,5,6,5.182,6,5,6,2.1,6,5.453,7,2.011,5,6.941,7,37.602,2,16.964,1,1,1,6002e4616f4b4f25a7ea96b4,Moldavian,20,Female,condition 2,10.31131667,FALSE,6.5
199,48.358,4,4,9,14.566,1,1,9,5.567,1,2.503,9,5.32,9,6.127,1,13.007,2,21.231,0,0,1,603048cc746452ebcc634a04,polish,18,Male,condition 2,7.988216667,FALSE,9
203,31.244,2,2,7,92.232,1,5,5,3.488,4,1.134,4,3.216,6,5.559,3,8.83,2,8.934,0,0,1,6071d42438f4fc44ff6b54c5,Polish,28,Male,condition 1,4.430933333,FALSE,7
204,81.5,5,1,9,10.002,9,1,9,4.855,5,3.391,5,25.198,6,10.288,1,15.638,2,70.853,1,0,1,615240e4ba7f7b8927fb80dc,Spanish,19,Male,condition 2,8.742183333,FALSE,8
205,53.702,7,2,9,63.685,2,3,9,5.523,9,5.9,9,10.678,9,11.02,9,62.716,4,32.597,0,0,1,5e52a7dac6d034000ab15eb1,Spanish,45,Male,condition 2,8.469,FALSE,9
208,48.249,4,2,9,42.377,2,5,5,10.527,5,3.243,5,5.803,7,6.668,3,22.183,2,15.43,0,0,1,615e8cae688ae33fe6406d83,NA,NA,NA,condition 2,9.56505,FALSE,8
210,23.607,5,5,8,20.053,6,6,6,5.984,7,2.216,7,4.864,3,5.447,4,11.67,2,10.127,0,0,1,60618c8d304f61a93701d5ca,Portuguese,21,Female,condition 2,10.84595,FALSE,7.5
211,42.29,3,3,9,44.577,6,2,6,7.096,8,4.639,2,9.174,7,13.8,3,58.564,2,36.494,1,0,1,60e2f552aa84193b0f04703a,italian,45,Male,condition 1,8.356183333,FALSE,4
212,51.683,4,7,8,46.038,6,2,9,11.376,3,6.579,9,4.699,6,12.987,3,16.33,2,37.94,1,0,1,617643296ef9b0d0e80e69a2,isiZulu,NA,Female,condition 2,8.30225,FALSE,7
213,22.183,1,1,9,17.398,1,9,1,5.296,9,5.431,1,191.247,9,12.152,5,19.031,2,29.76,1,0,1,615046c5dc8d53b5ddf25d56,English,35,Female,condition 1,10.09291667,FALSE,5
215,51.741,9,3,9,81.204,3,2,9,13.008,9,19.688,9,37.792,9,17.976,3,52.742,2,26.062,0,0,1,590741365905400001ef09ec,Italian,48,Male,condition 2,11.37601667,FALSE,9
216,139.279,3,2,7,51.176,2,8,8,12.022,7,10.36,7,16.157,5,16.614,2,39.234,4,22.433,0,0,1,61422a9863b7b7dfaf343833,ENGLISH,52,Female,condition 1,11.2306,FALSE,4.5
218,88.495,5,1,9,22.024,8,5,9,18.151,5,5.183,9,7.569,5,14.906,2,42.123,2,47.308,1,0,1,60f5b5b84d05610a9c6b3666,ENGLISH,21,Female,condition 2,11.22103333,FALSE,8
219,91.867,3,5,8,49.808,1,5,7,9.587,5,7.706,5,20.287,8,18.294,2,51.62,2,29.249,0,0,1,591a3d023d3e900001045994,Finnish,38,Male,condition 2,12.72946667,FALSE,6.5
222,139.745,5,2,9,39.185,1,9,1,7.151,9,8.154,1,14.171,4,13.3,8,20.033,2,14.094,0,0,1,60e0cf237e07c531931c5ea7,Swati,23,Female,condition 1,15.20426667,FALSE,6.5
223,44.806,5,2,9,19.531,3,9,1,3.216,9,2.276,1,10.865,3,11.389,4,26.225,2,11.579,0,0,1,6100328a5a4c9847cdb0ca41,Slovenian,22,Female,condition 1,15.30086667,FALSE,8.5
224,33.726,1,1,9,22.456,2,3,7,4.611,5,4.851,6,4.445,5,6.436,1,20.993,2,30.681,0,0,1,5fd10e8c048fb6045d68db76,Portuguese,21,Male,condition 2,15.54231667,FALSE,7.5
225,32.336,8,3,8,13.076,2,8,8,6.135,5,4.063,5,9.448,9,7.838,2,11.95,2,10.615,0,0,1,61144108e54209d166870411,Portuguese,34,Male,condition 2,18.43581667,FALSE,8.5
228,126.217,1,2,8,69.195,3,4,5,31.487,7,12.629,3,24.276,3,29.343,4,127.456,4,47.731,0,0,1,5e2228e12de14b000a50edc7,NA,NA,NA,condition 2,17.55103333,FALSE,6
229,24.784,8,2,2,22.995,5,2,7,8.018,4,3.541,6,7.032,5,6.824,2,15.036,2,26.775,0,0,1,61449a6fc9d878e127bf730b,portuguese,32,Female,condition 2,4.532883333,FALSE,7
232,33.414,4,7,8,21.63,7,5,5,3.624,3,2.888,5,7.119,7,5.968,1,15.134,2,12.512,0,0,1,60e5cd4e3d91b6025c62b9fe,Italian,31,Male,condition 2,26.69156667,FALSE,6
233,18.235,3,3,9,8.984,1,1,9,2.074,1,1.56,9,2.527,9,2.67,1,5.718,2,10.431,0,0,1,5f241d9e2899d60008642137,Polish,20,Male,condition 2,33.56443333,FALSE,8
235,43.246,1,9,9,12.518,1,9,1,3.468,9,3.068,1,356.578,4,8.101,5,7.536,2,13.253,1,1,0,5f85937a1aba21000962d0fc,Polish,27,Male,condition 1,9.55385,FALSE,7
