,relation1RT,relation1Orange,relation1Blue,relation1OrangeBlue,relation2RT,relation2Orange,relation2Blue,relation2OrangeBlue,relation3RT,relation3Orange,relation3Blue,relation3OrangeBlue,relation4RT,relation4Orange,relation4Blue,relation4OrangeBlue,relation5RT,relation5Orange,relation5Blue,relation5OrangeBlue,expRT,expOrange,expBlue,expBoth,attentionCheckRT,attentionCheck,attention1RT,attention1,attention2RT,attentionOrange,attentionBlue,attentionBulb,id,language,age,gender,condition,totalRT,flat,intentionMean,relation1BlueNorm,relation1OrangeNorm,relation1OrangeBlueNorm,max,relation2BlueNorm,relation2OrangeNorm,relation2OrangeBlueNorm,relation3BlueNorm,relation3OrangeNorm,relation3OrangeBlueNorm,relation4BlueNorm,relation4OrangeNorm,relation4OrangeBlueNorm,relation5BlueNorm,relation5OrangeNorm,relation5OrangeBlueNorm
1,37.853,3,6,3,10.449,1,1,1,5.679,1,1,1,3.595,1,1,1,17.676,5,1,7,25.737,1,1,9,4.641,1,11.443,2,9.393,0,0,1,5ebdb0ef47fead0e794fb5f3,Polish,19,Male,condition 2,4.45705,FALSE,9,0.5,0.25,0.25,13,0.333333333,0.333333333,0.333333333,0.333333333,0.333333333,0.333333333,0.333333333,0.333333333,0.333333333,0.076923077,0.384615385,0.538461538
2,13.701,2,3,3,6.245,3,6,6,9.393,2,2,5,5.618,4,4,5,6.637,4,3,9,11.455,3,4,4,6.303,8,9.494,2,9.916,0,0,1,60d0b1de79020dcced081d7a,Polish,22,Male,condition 1,3.312733333,FALSE,6,0.375,0.25,0.375,16,0.4,0.2,0.4,0.222222222,0.222222222,0.555555556,0.307692308,0.307692308,0.384615385,0.1875,0.25,0.5625
3,20.531,2,8,5,12.348,2,9,3,8.318,6,1,4,9.8,7,2,6,9.827,4,4,9,15.391,1,9,4,10.365,5,11.558,2,15.361,0,0,1,5a85d403ae9a0b0001a9ec8c,portuguese,24,Female,condition 1,4.238516667,FALSE,6.5,0.533333333,0.133333333,0.333333333,17,0.642857143,0.142857143,0.214285714,0.090909091,0.545454545,0.363636364,0.133333333,0.466666667,0.4,0.235294118,0.235294118,0.529411765
4,20.983,2,8,6,8.358,1,9,5,6.982,4,6,4,8.635,6,5,8,6.002,9,5,7,20.674,1,8,4,3.356,1,8.514,2,8.301,0,0,1,60fedf0d046ba83946b9a049,English,23,Female,condition 2,3.144066667,FALSE,8,0.5,0.125,0.375,21,0.6,0.066666667,0.333333333,0.428571429,0.285714286,0.285714286,0.263157895,0.315789474,0.421052632,0.238095238,0.428571429,0.333333333
5,16.643,5,5,5,5.565,5,5,5,7.25,5,5,6,5.832,5,5,6,7.697,4,4,7,25.227,1,9,1,6.449,1,9.399,2,10.876,0,0,1,5d88f5e629a4eb0001c3f7b4,Hungarian,28,Other,condition 2,3.921166667,FALSE,9,0.333333333,0.333333333,0.333333333,15,0.333333333,0.333333333,0.333333333,0.3125,0.3125,0.375,0.3125,0.3125,0.375,0.266666667,0.266666667,0.466666667
6,48.388,1,1,9,22.397,1,3,7,11.088,1,5,5,13.242,1,3,7,14.532,1,1,9,30.017,1,5,5,8.489,1,15.334,2,13.523,0,0,1,5ef811e6ab1a7e559d67aefe,Spanish,24,Male,condition 2,5.619583333,FALSE,9,0.090909091,0.090909091,0.818181818,11,0.272727273,0.090909091,0.636363636,0.454545455,0.090909091,0.454545455,0.272727273,0.090909091,0.636363636,0.090909091,0.090909091,0.818181818
7,24.268,3,3,3,14.253,3,3,3,7.059,3,3,3,6.884,3,3,4,9.903,7,1,7,19.615,6,8,4,5.471,2,9.745,2,18.852,1,0,0,5e66bf83d06ef14483413880,Polish,28,Female,condition 2,4.30955,FALSE,8,0.333333333,0.333333333,0.333333333,15,0.333333333,0.333333333,0.333333333,0.333333333,0.333333333,0.333333333,0.3,0.3,0.4,0.066666667,0.466666667,0.466666667
8,40.234,6,9,4,14.438,3,9,6,11.077,8,7,6,11.303,9,4,7,7.392,9,1,9,16.636,4,9,4,6.653,2,7.069,2,7.828,0,0,1,5e7b98f76c68581ac48fc3e5,polish,23,Female,condition 1,4.308133333,FALSE,9,0.473684211,0.315789474,0.210526316,19,0.5,0.166666667,0.333333333,0.333333333,0.380952381,0.285714286,0.2,0.45,0.35,0.052631579,0.473684211,0.473684211
9,34.169,3,3,6,15.892,6,3,6,12.67,3,6,6,7.356,3,3,9,13.085,3,6,9,35.33,9,9,9,6.89,1,12.946,2,20.823,0,1,1,5dc4873f48e786349bd53b2a,English,41,Female,condition 2,5.439616667,FALSE,9,0.25,0.25,0.5,18,0.2,0.4,0.4,0.4,0.2,0.4,0.2,0.2,0.6,0.333333333,0.166666667,0.5
10,24.69,2,7,5,14.128,3,6,4,7.433,5,3,5,6.96,5,3,5,13.119,1,1,9,13.233,2,8,2,5.83,2,12.316,2,11.866,0,0,1,616494f1ae4537c01914c758,Portuguese,23,Female,condition 1,5.3272,FALSE,8.5,0.5,0.142857143,0.357142857,11,0.461538462,0.230769231,0.307692308,0.230769231,0.384615385,0.384615385,0.230769231,0.384615385,0.384615385,0.090909091,0.090909091,0.818181818
11,17.981,5,5,5,10.616,5,6,5,5.357,5,7,5,9.726,6,6,7,7.269,7,5,9,16.374,4,8,4,5.199,3,13.248,2,10.694,0,0,1,5f52abb4c62ac45a1bac3ac5,English,21,Male,condition 2,4.698266667,FALSE,8.5,0.333333333,0.333333333,0.333333333,21,0.375,0.3125,0.3125,0.411764706,0.294117647,0.294117647,0.315789474,0.315789474,0.368421053,0.238095238,0.333333333,0.428571429
12,28.294,5,5,5,9.056,5,5,5,10.244,5,3,5,6.797,5,3,5,12.186,9,9,9,12.349,5,7,5,8.375,5,5.91,2,13.759,0,0,1,60b7be9f5e3d9290ded3bedf,English,31,Female,condition 1,3.930216667,FALSE,7,0.333333333,0.333333333,0.333333333,27,0.333333333,0.333333333,0.333333333,0.230769231,0.384615385,0.384615385,0.230769231,0.384615385,0.384615385,0.333333333,0.333333333,0.333333333
13,26.488,3,7,4,6.461,3,7,4,5.138,2,7,3,11.164,5,5,6,7.332,8,8,9,10.358,3,9,3,3.106,2,7.013,2,7.187,0,0,1,61250bb64b35d9013307061e,English,24,Other,condition 2,3.12405,FALSE,6.5,0.5,0.214285714,0.285714286,25,0.5,0.214285714,0.285714286,0.583333333,0.166666667,0.25,0.3125,0.3125,0.375,0.32,0.32,0.36
14,24.837,2,7,2,8.615,1,8,2,7.021,4,7,4,5.173,4,5,4,8.163,6,6,9,17.049,3,5,5,6.785,1,12.195,2,25.635,0,0,1,5d1cc431d041490016da4898,Polish,21,Male,condition 2,3.881116667,FALSE,5,0.636363636,0.181818182,0.181818182,21,0.727272727,0.090909091,0.181818182,0.466666667,0.266666667,0.266666667,0.384615385,0.307692308,0.307692308,0.285714286,0.285714286,0.428571429
15,54.348,9,1,1,23.33,9,1,5,9.747,9,1,5,9.274,5,5,5,8.5,9,1,3,21.038,1,9,1,3.839,1,9.971,2,19.418,1,0,1,613aef9b0ba0509582bdab15,Spanish,22,Female,condition 1,5.88395,FALSE,9,0.090909091,0.818181818,0.090909091,13,0.066666667,0.6,0.333333333,0.066666667,0.6,0.333333333,0.333333333,0.333333333,0.333333333,0.076923077,0.692307692,0.230769231
16,32.657,9,1,1,27.254,9,1,5,13.464,9,1,1,19.754,9,1,9,11.415,9,1,9,31.035,1,9,5,10.012,5,21.386,2,19.805,0,0,1,6054ce9cd4e5c96ab84e9113,English,24,Female,condition 2,7.063666667,FALSE,9,0.090909091,0.818181818,0.090909091,19,0.066666667,0.6,0.333333333,0.090909091,0.818181818,0.090909091,0.052631579,0.473684211,0.473684211,0.052631579,0.473684211,0.473684211
17,29.646,3,6,5,17.399,4,7,5,9.9,6,3,4,10.359,6,3,4,8.9,9,1,1,20.361,3,7,4,8.398,6,15.149,2,14.388,1,0,1,5e1c8a8ea11fd8000d914805,Portuguese,43,Female,condition 1,4.920616667,FALSE,7,0.428571429,0.214285714,0.357142857,11,0.4375,0.25,0.3125,0.230769231,0.461538462,0.307692308,0.230769231,0.461538462,0.307692308,0.090909091,0.818181818,0.090909091
18,14.648,5,7,2,7.685,8,5,5,6.848,8,1,7,5.382,6,1,7,5.401,7,1,7,12.252,1,1,5,5.567,1,5.022,2,16.902,1,1,0,5e03fdb2ac9e16edc91d0108,Spanish,35,Male,condition 2,2.797033333,FALSE,9,0.5,0.357142857,0.142857143,15,0.277777778,0.444444444,0.277777778,0.0625,0.5,0.4375,0.071428571,0.428571429,0.5,0.066666667,0.466666667,0.466666667
19,37.737,2,7,4,15.438,2,7,2,11.955,2,7,2,12.849,4,4,7,7.267,1,1,9,17.141,1,9,1,6.001,1,16.461,2,9.088,0,0,1,5c60571b0112a60001a2b034,English,56,Female,condition 1,5.098916667,FALSE,7,0.538461538,0.153846154,0.307692308,11,0.636363636,0.181818182,0.181818182,0.636363636,0.181818182,0.181818182,0.266666667,0.266666667,0.466666667,0.090909091,0.090909091,0.818181818
20,18.237,4,7,5,18.771,4,7,6,12.561,7,3,2,39.299,5,3,2,9.589,6,3,8,16.297,2,8,1,6.564,2,9.983,2,9.732,0,0,1,608ac4aaa0da08ba566333bd,Spanish,19,Female,condition 1,6.192166667,FALSE,8,0.4375,0.25,0.3125,17,0.411764706,0.235294118,0.352941176,0.25,0.583333333,0.166666667,0.3,0.5,0.2,0.176470588,0.352941176,0.470588235
21,26.465,5,7,4,12.964,3,6,5,11.657,6,5,4,7.57,6,3,3,10.843,2,7,2,9.019,7,3,5,3.037,5,9.621,2,5.621,0,1,1,5ae5a589c67d830001ce8c73,Portuguese,67,Female,condition 1,2.8959,FALSE,8,0.4375,0.3125,0.25,11,0.428571429,0.214285714,0.357142857,0.333333333,0.4,0.266666667,0.25,0.5,0.25,0.636363636,0.181818182,0.181818182
22,29.002,2,8,5,26.48,2,8,4,14.895,1,9,2,17.826,6,4,5,14.908,3,3,9,22.788,2,8,3,9.118,7,12.005,2,12.486,0,0,1,5e95ae4e775eaa93c903af67,Dutch,42,Female,condition 2,5.553666667,FALSE,9,0.533333333,0.133333333,0.333333333,15,0.571428571,0.142857143,0.285714286,0.75,0.083333333,0.166666667,0.266666667,0.4,0.333333333,0.2,0.2,0.6
23,28.4,5,5,5,14.484,5,5,5,11.798,5,4,5,8.103,3,3,6,10.302,1,1,9,18.102,4,7,4,3.697,1,9.579,2,14.193,0,0,1,5fbbde667818f3dc301f6647,Polish,NA,NA,condition 2,4.127633333,FALSE,8.5,0.333333333,0.333333333,0.333333333,11,0.333333333,0.333333333,0.333333333,0.285714286,0.357142857,0.357142857,0.25,0.25,0.5,0.090909091,0.090909091,0.818181818
24,18.717,5,3,7,14.076,2,7,4,7.948,7,5,9,8.313,5,5,9,8.305,3,4,9,13.258,3,4,8,3.552,2,6.736,2,76.213,0,0,1,5fbb9709a507f0ce98518d2c,Polish,19,Male,condition 2,5.270416667,FALSE,8,0.2,0.333333333,0.466666667,16,0.538461538,0.153846154,0.307692308,0.238095238,0.333333333,0.428571429,0.263157895,0.263157895,0.473684211,0.25,0.1875,0.5625
25,28.183,5,5,7,20.742,4,6,6,10.752,6,5,6,7.327,6,4,6,26.318,1,6,8,32.769,5,5,5,5.623,7,20.708,2,24.883,0,0,1,5b5b02c14e945800017d5da1,Russian,34,Male,condition 1,6.484933333,FALSE,5,0.294117647,0.294117647,0.411764706,15,0.375,0.25,0.375,0.294117647,0.352941176,0.352941176,0.25,0.375,0.375,0.4,0.066666667,0.533333333
26,38.57,6,4,6,15.432,4,6,6,17.155,4,4,5,13.555,3,3,7,14.496,3,3,8,35.785,2,7,6,5.857,3,17.169,2,14.428,0,0,1,6176d0b0082a72e2d48bfb9e,English,24,Female,condition 2,6.403116667,FALSE,7,0.25,0.375,0.375,14,0.375,0.25,0.375,0.307692308,0.307692308,0.384615385,0.230769231,0.230769231,0.538461538,0.214285714,0.214285714,0.571428571
27,41.364,5,7,4,14.92,4,7,2,14.432,6,2,5,12.857,6,1,5,13.906,1,1,9,18.49,1,9,1,8.133,2,14.661,2,21.557,0,0,1,5ff701b8306c942f545a7af1,Spanish,26,Female,condition 1,6.188183333,FALSE,9,0.4375,0.3125,0.25,11,0.538461538,0.307692308,0.153846154,0.153846154,0.461538462,0.384615385,0.083333333,0.5,0.416666667,0.090909091,0.090909091,0.818181818
28,19.917,2,2,2,17.126,2,4,3,8.601,4,5,3,5.33,3,5,4,12.496,7,2,2,17.662,2,2,2,4.143,4,46.406,2,55.215,0,0,1,6129190d06e3a58b2f05456d,Hungarian,NA,NA,condition 2,5.814816667,FALSE,6,0.333333333,0.333333333,0.333333333,11,0.444444444,0.222222222,0.333333333,0.416666667,0.333333333,0.25,0.416666667,0.25,0.333333333,0.181818182,0.636363636,0.181818182
29,35.662,5,5,5,42.126,5,6,5,11.03,4,7,2,11.841,4,6,4,7.537,1,1,9,54.897,5,5,7,14.056,1,9.3,2,25.068,0,0,1,5ea6b76db2b9b602423a74ba,Portuguese,26,Male,condition 2,6.378716667,FALSE,6.5,0.333333333,0.333333333,0.333333333,11,0.375,0.3125,0.3125,0.538461538,0.307692308,0.153846154,0.428571429,0.285714286,0.285714286,0.090909091,0.090909091,0.818181818
30,30.465,4,5,4,11.284,2,7,4,9.937,3,7,4,7.442,3,7,3,9.638,9,4,9,18.067,3,5,8,4.743,6,14.359,2,18.316,1,0,1,60b7d851f18e424aa48f30a0,Isixhosa,29,Female,condition 2,6.206416667,FALSE,7,0.384615385,0.307692308,0.307692308,22,0.538461538,0.153846154,0.307692308,0.5,0.214285714,0.285714286,0.538461538,0.230769231,0.230769231,0.181818182,0.409090909,0.409090909
31,34.06,5,5,1,13.142,4,6,1,8.936,3,7,1,10.156,4,6,1,8.736,1,1,9,30.102,7,7,7,8.196,3,7.552,2,15.09,0,0,1,5b2dff9daca2940001423c73,French,26,Female,condition 2,4.85805,FALSE,4.5,0.454545455,0.454545455,0.090909091,11,0.545454545,0.363636364,0.090909091,0.636363636,0.272727273,0.090909091,0.545454545,0.363636364,0.090909091,0.090909091,0.090909091,0.818181818
32,25.616,2,8,5,12.779,1,8,6,9.813,1,8,6,10.792,5,7,7,9.659,6,6,9,19.446,4,8,6,9.035,3,12.751,2,9.928,0,0,1,60fdd43a701bcc27bb0aa5a5,French,21,Female,condition 2,4.6182,FALSE,6,0.533333333,0.133333333,0.333333333,21,0.533333333,0.066666667,0.4,0.533333333,0.066666667,0.4,0.368421053,0.263157895,0.368421053,0.285714286,0.285714286,0.428571429
33,29.061,5,8,2,16.472,3,7,1,8.268,3,5,1,8.534,5,4,1,6.643,9,9,9,17.406,5,9,1,6.123,1,9.655,2,12.471,0,0,1,60a25a5bcace4e33615c467c,Spanish,20,Male,condition 2,5.314683333,FALSE,9,0.533333333,0.333333333,0.133333333,27,0.636363636,0.272727273,0.090909091,0.555555556,0.333333333,0.111111111,0.4,0.5,0.1,0.333333333,0.333333333,0.333333333
34,8.496,7,2,5,8.212,7,4,6,6.906,4,1,6,5.332,3,3,7,4.373,2,2,9,8.434,2,7,4,3.719,1,2.567,2,8.188,0,0,1,616494f1ae4537c01914c758,Portuguese,23,Female,condition 2,2.369983333,FALSE,9,0.142857143,0.5,0.357142857,13,0.235294118,0.411764706,0.352941176,0.090909091,0.363636364,0.545454545,0.230769231,0.230769231,0.538461538,0.153846154,0.153846154,0.692307692
35,31.132,5,5,5,16.954,4,6,3,8.09,4,6,3,10.052,5,5,3,9.705,1,1,9,22.044,5,7,2,9.93,2,15.29,2,8.556,0,0,1,6137b173cb7545edf5e05406,Slovene,22,Male,condition 2,4.433866667,FALSE,8.5,0.333333333,0.333333333,0.333333333,11,0.461538462,0.307692308,0.230769231,0.461538462,0.307692308,0.230769231,0.384615385,0.384615385,0.230769231,0.090909091,0.090909091,0.818181818
36,22.214,4,7,2,14.13,1,8,5,15.772,7,4,6,11.555,4,1,8,13.615,7,1,7,10.922,1,9,1,3.624,1,6.923,2,7.778,0,0,1,5f9fc753be94016201d471fc,Czech,23,Female,condition 1,4.05795,FALSE,9,0.538461538,0.307692308,0.153846154,15,0.571428571,0.071428571,0.357142857,0.235294118,0.411764706,0.352941176,0.076923077,0.307692308,0.615384615,0.066666667,0.466666667,0.466666667
37,35.075,8,3,9,12.559,6,6,9,9.758,8,3,9,8.116,8,3,9,20.14,6,1,9,24.993,5,8,8,5.659,3,16.975,2,27.623,0,0,1,6091f992461cb242c10d480a,Spanish,26,Male,condition 1,5.444883333,FALSE,9,0.15,0.4,0.45,16,0.285714286,0.285714286,0.428571429,0.15,0.4,0.45,0.15,0.4,0.45,0.0625,0.375,0.5625
38,34.47,3,7,5,13.259,1,7,4,13.691,1,8,3,11.196,5,5,6,35.402,9,1,3,17.411,3,7,5,4.439,3,15.207,2,13.867,0,0,1,5e66df8c7f7cf84730f4eb1a,polish,22,Female,condition 2,4.9809,FALSE,7.5,0.466666667,0.2,0.333333333,13,0.583333333,0.083333333,0.333333333,0.666666667,0.083333333,0.25,0.3125,0.3125,0.375,0.076923077,0.692307692,0.230769231
39,42.569,5,5,5,20.048,2,7,4,9.117,8,2,3,12.729,5,6,5,22.293,5,5,5,18.791,9,1,1,6.699,1,13.802,2,11.033,0,0,1,60e6ed09b102ff57a70ca23f,lithuanian,39,Female,condition 1,5.838766667,FALSE,8,0.333333333,0.333333333,0.333333333,15,0.538461538,0.153846154,0.307692308,0.153846154,0.615384615,0.230769231,0.375,0.3125,0.3125,0.333333333,0.333333333,0.333333333
40,23.1,5,7,6,20.662,5,7,6,9.686,7,3,6,9.962,7,2,7,8.199,8,1,7,25.65,8,8,6,5.649,1,7.853,2,5.519,0,0,1,6071abd0ef231017c14e4624,Polish,19,Male,condition 1,3.646366667,FALSE,8,0.388888889,0.277777778,0.333333333,16,0.388888889,0.277777778,0.333333333,0.1875,0.4375,0.375,0.125,0.4375,0.4375,0.0625,0.5,0.4375
41,10.064,5,5,5,6.621,4,6,5,8.863,4,7,4,10.828,4,4,7,5.981,1,1,9,17.491,3,3,8,4.252,1,9.527,2,10.134,0,0,1,5901cf755b40770001f29ca6,French,36,Male,condition 2,3.587883333,FALSE,9,0.333333333,0.333333333,0.333333333,11,0.4,0.266666667,0.333333333,0.466666667,0.266666667,0.266666667,0.266666667,0.266666667,0.466666667,0.090909091,0.090909091,0.818181818
42,29.719,1,9,5,13.015,1,9,5,15.713,1,9,5,8.939,1,9,5,11.068,1,1,9,9.2,1,1,9,8.166,1,15.209,2,15.078,1,1,0,60e2750aebca4eccda1908f3,NA,NA,NA,condition 2,5.095233333,FALSE,9,0.6,0.066666667,0.333333333,11,0.6,0.066666667,0.333333333,0.6,0.066666667,0.333333333,0.6,0.066666667,0.333333333,0.090909091,0.090909091,0.818181818
43,28.43,5,5,5,11.625,5,5,5,9.064,5,5,5,5.256,5,5,5,6.864,1,1,9,15.717,9,1,1,4.528,1,8.657,2,9.684,0,0,1,5e37fee32d2961000b0eacb7,French,19,Male,condition 1,4.573933333,FALSE,7.5,0.333333333,0.333333333,0.333333333,11,0.333333333,0.333333333,0.333333333,0.333333333,0.333333333,0.333333333,0.333333333,0.333333333,0.333333333,0.090909091,0.090909091,0.818181818
44,31.275,6,4,5,21.712,5,7,5,8.342,7,7,9,10.39,3,3,9,10.119,5,5,9,21.608,3,8,3,9.459,3,20.07,2,14.377,0,0,1,5e8f9afd4885632a140ed4e5,spanish,20,Female,condition 2,5.819766667,FALSE,7,0.266666667,0.4,0.333333333,19,0.411764706,0.294117647,0.294117647,0.304347826,0.304347826,0.391304348,0.2,0.2,0.6,0.263157895,0.263157895,0.473684211
45,24.523,2,8,1,32.518,2,8,1,6.134,2,8,1,8.699,3,8,1,6.499,1,1,9,17.004,4,8,2,4.42,2,9.711,2,13.06,0,0,1,60f23a36acf5f6c70e990efd,Portuguese,24,Male,condition 2,9.14925,FALSE,7.5,0.727272727,0.181818182,0.090909091,11,0.727272727,0.181818182,0.090909091,0.727272727,0.181818182,0.090909091,0.666666667,0.25,0.083333333,0.090909091,0.090909091,0.818181818
46,25.74,5,5,8,9.295,5,7,7,10.054,4,7,6,13.505,3,3,8,11.262,1,3,9,16.269,4,6,7,5.836,1,17.844,2,10.819,0,0,1,5bb41c688f3bd70001e5a377,English,35,Male,condition 2,4.642083333,FALSE,8.5,0.277777778,0.277777778,0.444444444,13,0.368421053,0.263157895,0.368421053,0.411764706,0.235294118,0.352941176,0.214285714,0.214285714,0.571428571,0.230769231,0.076923077,0.692307692
47,36.503,5,5,5,18.766,7,5,6,12.361,5,6,5,12.257,7,6,8,12.717,1,1,9,27.796,5,6,5,4.147,1,6.701,2,11.046,0,0,1,5fdf4ff8b112b67125e0b2b1,Portuguese,20,Female,condition 2,4.301766667,FALSE,9,0.333333333,0.333333333,0.333333333,11,0.277777778,0.388888889,0.333333333,0.375,0.3125,0.3125,0.285714286,0.333333333,0.380952381,0.090909091,0.090909091,0.818181818
48,34.084,5,5,5,15.481,2,7,2,8.896,3,8,3,8.521,3,6,3,12.51,2,2,9,11.478,3,7,5,5.398,4,10.103,2,11.141,1,1,0,5874022fa763c900011d9ab7,NA,NA,NA,condition 1,4.434216667,FALSE,8,0.333333333,0.333333333,0.333333333,13,0.636363636,0.181818182,0.181818182,0.571428571,0.214285714,0.214285714,0.5,0.25,0.25,0.153846154,0.153846154,0.692307692
49,27.455,6,4,5,10.749,4,1,7,7.499,6,1,7,9.394,4,1,8,8.418,7,1,9,17.019,2,9,3,4.478,1,6.46,2,11.168,0,0,1,5b8845cd2fd5c7000101c463,"Mandarin, English",21,Female,condition 1,3.97285,FALSE,9,0.266666667,0.4,0.333333333,17,0.083333333,0.333333333,0.583333333,0.071428571,0.428571429,0.5,0.076923077,0.307692308,0.615384615,0.058823529,0.411764706,0.529411765
50,47.347,3,3,3,10.7,3,3,3,8.275,3,3,3,5.456,3,3,3,14.485,3,3,6,16.438,2,2,2,8.169,4,8.434,2,11.236,0,0,1,5eaadc1c1aed4d04dc48ae2a,English,59,Female,condition 2,4.930516667,FALSE,6.5,0.333333333,0.333333333,0.333333333,12,0.333333333,0.333333333,0.333333333,0.333333333,0.333333333,0.333333333,0.333333333,0.333333333,0.333333333,0.25,0.25,0.5
51,17.571,8,3,4,11.736,7,4,4,6.987,8,2,4,7.84,7,2,6,14.002,7,1,5,14.828,1,9,5,7.407,1,12.739,2,15.549,0,0,1,608c3c5e1cf6e05149f36b6a,Italian,28,Male,condition 1,4.710316667,FALSE,8,0.2,0.533333333,0.266666667,13,0.266666667,0.466666667,0.266666667,0.142857143,0.571428571,0.285714286,0.133333333,0.466666667,0.4,0.076923077,0.538461538,0.384615385
52,46.985,3,7,5,19.59,2,9,3,11.556,7,4,8,7.363,8,4,7,16.643,1,9,1,31.321,2,9,3,6.817,7,24.036,2,28.899,1,0,1,5fde8b3e398b8b64d17b34f7,portuguese,22,Female,condition 1,6.9607,FALSE,9,0.466666667,0.2,0.333333333,11,0.642857143,0.142857143,0.214285714,0.210526316,0.368421053,0.421052632,0.210526316,0.421052632,0.368421053,0.818181818,0.090909091,0.090909091
53,20.196,3,7,4,6.938,3,7,4,9.973,3,2,3,6.147,3,2,3,7.321,3,1,9,16.347,3,1,7,2.133,2,22.751,2,3.981,0,0,1,5f241d9e2899d60008642137,NA,NA,NA,condition 2,3.2523,FALSE,7,0.5,0.214285714,0.285714286,13,0.5,0.214285714,0.285714286,0.25,0.375,0.375,0.25,0.375,0.375,0.076923077,0.230769231,0.692307692
54,35.639,5,5,5,26.524,5,6,5,8.655,5,5,5,10.175,5,5,7,18.811,1,1,9,27.934,3,8,4,10.059,2,14.421,2,17.121,0,0,1,5fc2d2d79da439201ab6addc,Greek,22,Other,condition 2,6.4696,FALSE,8,0.333333333,0.333333333,0.333333333,11,0.375,0.3125,0.3125,0.333333333,0.333333333,0.333333333,0.294117647,0.294117647,0.411764706,0.090909091,0.090909091,0.818181818
55,81.42,7,4,2,27.844,5,4,6,14.121,8,1,6,15.309,8,1,6,9.04,1,1,9,28.7,8,5,2,10.859,3,14.755,2,13.523,0,0,1,5f86e77f8f4bdc05183960b1,Portuguese,22,Male,condition 2,7.679766667,FALSE,6.5,0.307692308,0.538461538,0.153846154,11,0.266666667,0.333333333,0.4,0.066666667,0.533333333,0.4,0.066666667,0.533333333,0.4,0.090909091,0.090909091,0.818181818
56,40.428,5,5,5,16.143,6,5,5,11.782,3,5,5,15.433,3,5,5,21.963,1,9,1,34.148,7,7,7,7.367,6,23.433,2,40.981,0,0,1,607c3abee7460a09186f93d7,ENGLISH,23,Female,condition 1,7.050233333,FALSE,9,0.333333333,0.333333333,0.333333333,11,0.3125,0.375,0.3125,0.384615385,0.230769231,0.384615385,0.384615385,0.230769231,0.384615385,0.818181818,0.090909091,0.090909091
57,36.879,1,9,2,19.626,1,9,3,14.12,1,9,5,10.983,2,7,6,10.946,1,1,9,35.899,1,8,2,8.479,6,13.705,2,43.32,0,0,1,5f7200e24554ae0c3da62772,Polish,21,Male,condition 2,6.815916667,FALSE,8.5,0.75,0.083333333,0.166666667,11,0.692307692,0.076923077,0.230769231,0.6,0.066666667,0.333333333,0.466666667,0.133333333,0.4,0.090909091,0.090909091,0.818181818
58,27.006,5,6,5,11.495,3,7,3,8.22,6,6,4,6.986,8,7,6,9.976,7,7,7,33.348,6,7,5,6.015,5,15.534,2,19.701,0,0,1,5e4dc0e1506e2f222ce980be,Greek,22,Male,condition 1,5.035333333,FALSE,6.5,0.375,0.3125,0.3125,21,0.538461538,0.230769231,0.230769231,0.375,0.375,0.25,0.333333333,0.380952381,0.285714286,0.333333333,0.333333333,0.333333333
59,23.97,3,7,8,17.265,2,6,7,12.944,2,7,6,12.921,5,5,6,21.157,8,1,6,19.984,1,9,3,5.157,1,11.038,2,19.354,0,0,1,5e6d190b8c58612dfc764e60,Polish,19,Male,condition 1,5.9299,FALSE,6.5,0.388888889,0.166666667,0.444444444,15,0.4,0.133333333,0.466666667,0.466666667,0.133333333,0.4,0.3125,0.3125,0.375,0.066666667,0.533333333,0.4
60,32.716,1,9,1,14.265,1,9,1,12.474,9,1,1,8.699,9,1,1,9.749,1,1,9,13.55,1,9,1,4.535,1,10.471,2,16.914,0,0,1,60a425718813fe34f9b08a00,Portuguese,30,Female,condition 1,4.5951,FALSE,9,0.818181818,0.090909091,0.090909091,11,0.818181818,0.090909091,0.090909091,0.090909091,0.818181818,0.090909091,0.090909091,0.818181818,0.090909091,0.090909091,0.090909091,0.818181818
61,31.596,5,2,3,19.221,1,4,2,6.983,1,3,2,12.374,3,4,3,24.165,7,6,9,37.798,9,9,9,8.048,1,19.382,2,17.613,0,0,1,5fbbe4a70ee92b01626ec684,Spanish abd English,24,Female,condition 2,9.200633333,FALSE,8.5,0.2,0.5,0.3,22,0.571428571,0.142857143,0.285714286,0.5,0.166666667,0.333333333,0.4,0.3,0.3,0.272727273,0.318181818,0.409090909
62,61.036,7,5,3,14.382,5,6,5,17.416,6,3,6,8.158,4,1,7,19.833,7,1,7,21.355,2,9,2,7.414,3,8.206,2,10.591,0,0,1,5f073c1625a90f2f8cbc4a89,Polish,21,Male,condition 1,5.27265,FALSE,5.5,0.333333333,0.466666667,0.2,15,0.375,0.3125,0.3125,0.2,0.4,0.4,0.083333333,0.333333333,0.583333333,0.066666667,0.466666667,0.466666667
63,30.566,5,5,5,18.895,6,3,6,18.074,6,3,6,35.589,4,1,7,16.199,5,1,7,22.734,5,5,5,9.443,2,14.234,2,12.524,0,0,1,616823f498b414afa4fb4c71,Hungarian,18,Male,condition 2,6.295566667,FALSE,8,0.333333333,0.333333333,0.333333333,13,0.2,0.4,0.4,0.2,0.4,0.4,0.083333333,0.333333333,0.583333333,0.076923077,0.384615385,0.538461538
64,29.11,6,6,6,12.94,5,8,7,9.904,8,6,7,9.897,7,4,8,8.138,1,1,9,12.505,9,3,2,5.976,2,8.437,2,11.125,0,0,1,60fd0fe71e1588c27dd55055,Afrikaans,18,Female,condition 1,3.989033333,FALSE,7.5,0.333333333,0.333333333,0.333333333,11,0.4,0.25,0.35,0.285714286,0.380952381,0.333333333,0.210526316,0.368421053,0.421052632,0.090909091,0.090909091,0.818181818
65,39.075,9,3,5,12.213,6,4,7,9.02,7,2,4,9.166,7,3,6,9.073,9,1,1,19.805,2,8,5,6.951,9,10.798,2,15.998,1,0,1,615211c71871ab62cb14cbe1,English,24,Male,condition 2,5.701316667,FALSE,9,0.176470588,0.529411765,0.294117647,11,0.235294118,0.352941176,0.411764706,0.153846154,0.538461538,0.307692308,0.1875,0.4375,0.375,0.090909091,0.818181818,0.090909091
66,31.25,5,1,2,19.275,5,1,2,6.549,5,1,1,6.312,7,1,1,13.85,1,1,9,21.839,5,9,6,4.777,2,28.944,2,29.607,1,1,0,5c1e3c9ce471fe0001bcac55,English,22,Female,condition 1,5.0237,FALSE,7,0.125,0.625,0.25,11,0.125,0.625,0.25,0.142857143,0.714285714,0.142857143,0.111111111,0.777777778,0.111111111,0.090909091,0.090909091,0.818181818
67,28.253,4,4,6,12.324,3,7,5,8.099,3,7,5,10.878,4,6,6,7.994,8,2,6,16.123,5,5,5,6.966,3,14.56,2,16.746,0,0,1,5f19da7290bc3308045f6b81,NA,NA,NA,condition 2,4.5115,FALSE,5.5,0.285714286,0.285714286,0.428571429,16,0.466666667,0.2,0.333333333,0.466666667,0.2,0.333333333,0.375,0.25,0.375,0.125,0.5,0.375
68,48.764,3,2,1,15.783,2,1,1,19.53,2,1,1,8.84,1,1,1,22.238,9,1,7,40.608,7,9,6,4.477,3,15.29,2,9.699,0,0,1,6114d31870fb15595223bde1,Sotho,25,Female,condition 1,5.952033333,FALSE,8,0.333333333,0.5,0.166666667,17,0.25,0.5,0.25,0.25,0.5,0.25,0.333333333,0.333333333,0.333333333,0.058823529,0.529411765,0.411764706
69,17.371,3,5,4,15.437,2,6,2,10.351,7,4,5,8.4,4,5,3,9.08,7,6,4,19.76,6,7,6,7.635,2,8.692,2,12.228,1,0,1,60a40486e25880572f72d17f,Spanish,32,Male,condition 1,4.34975,FALSE,4.5,0.416666667,0.25,0.333333333,17,0.6,0.2,0.2,0.25,0.4375,0.3125,0.416666667,0.333333333,0.25,0.352941176,0.411764706,0.235294118
70,21.605,5,6,5,12.95,6,5,5,18.367,6,5,5,15.156,6,6,6,10.761,6,5,6,21.868,3,7,3,7.139,1,7.372,2,17.137,0,0,1,5ea1a9b5e876fe07b737367b,English,62,Female,condition 1,5.630716667,FALSE,5.5,0.375,0.3125,0.3125,17,0.3125,0.375,0.3125,0.3125,0.375,0.3125,0.333333333,0.333333333,0.333333333,0.294117647,0.352941176,0.352941176
71,29.51,4,4,9,10.375,3,7,3,5.937,4,6,5,10.272,5,6,7,9.088,3,1,9,31.266,2,2,2,6.122,1,17.783,2,21.041,0,0,1,5f9f412980729e58f0c210d7,portuguese,19,Male,condition 2,5.2089,FALSE,3,0.235294118,0.235294118,0.529411765,13,0.538461538,0.230769231,0.230769231,0.4,0.266666667,0.333333333,0.333333333,0.277777778,0.388888889,0.076923077,0.230769231,0.692307692
72,38.39,4,7,2,7.301,2,8,2,11.213,6,3,2,7.105,6,3,5,9.847,1,1,9,11.93,3,7,3,4.373,2,8.211,2,12.199,0,0,1,60f07168ee144de94e854ac1,english,28,Male,condition 1,3.972116667,FALSE,8,0.538461538,0.307692308,0.153846154,11,0.666666667,0.166666667,0.166666667,0.272727273,0.545454545,0.181818182,0.214285714,0.428571429,0.357142857,0.090909091,0.090909091,0.818181818
73,54.824,6,6,3,67.891,4,6,3,10.41,4,6,3,10.972,6,5,3,15.929,6,4,5,24.938,6,4,3,7.355,5,12.188,2,26.265,1,0,0,5fc0da1ccfc57d00082b0bbb,Latvian,27,Male,condition 2,6.953116667,FALSE,8.5,0.4,0.4,0.2,15,0.461538462,0.307692308,0.230769231,0.461538462,0.307692308,0.230769231,0.357142857,0.428571429,0.214285714,0.266666667,0.4,0.333333333
74,32.51,5,5,9,29.414,5,8,4,33.614,5,7,4,36.627,5,4,8,14.591,5,5,9,35.983,2,3,9,7.535,1,18.488,2,39.623,0,0,1,60e45669ce29a8e92fc8da31,English,21,Female,condition 2,8.524283333,FALSE,9,0.263157895,0.263157895,0.473684211,19,0.470588235,0.294117647,0.235294118,0.4375,0.3125,0.25,0.235294118,0.294117647,0.470588235,0.263157895,0.263157895,0.473684211
75,50.397,3,7,5,15.805,2,8,5,22.327,7,3,5,10.691,8,5,7,9.904,1,1,9,10.443,1,9,5,4.608,3,6.524,2,13.255,0,0,1,55f2a7e332af740010170166,English,32,Female,condition 1,5.544916667,FALSE,9,0.466666667,0.2,0.333333333,11,0.533333333,0.133333333,0.333333333,0.2,0.466666667,0.333333333,0.25,0.4,0.35,0.090909091,0.090909091,0.818181818
76,26.275,3,8,2,13.656,3,8,2,8.332,3,8,2,8.505,3,8,2,13.521,5,5,9,20.898,1,9,1,6.121,2,15.956,2,18.363,0,0,1,5f26a626df170d3f8a72f58a,NA,NA,NA,condition 1,4.2103,FALSE,6.5,0.615384615,0.230769231,0.153846154,19,0.615384615,0.230769231,0.153846154,0.615384615,0.230769231,0.153846154,0.615384615,0.230769231,0.153846154,0.263157895,0.263157895,0.473684211
77,24.884,7,7,3,16.676,4,7,2,11.722,7,2,2,13.088,7,1,6,12.569,2,2,8,27.062,3,7,7,5.832,1,4.996,2,8.477,0,0,1,6081492e0fd61ab5685a689a,hungarian,20,Male,condition 2,4.09295,FALSE,8,0.411764706,0.411764706,0.176470588,12,0.538461538,0.307692308,0.153846154,0.181818182,0.636363636,0.181818182,0.071428571,0.5,0.428571429,0.166666667,0.166666667,0.666666667
78,32.548,4,8,6,24.45,3,8,5,21.869,4,7,6,18.995,4,8,6,13.064,9,1,1,23.645,5,9,4,12.375,1,15.245,2,22.29,0,0,1,60c8a2ee9ea50cc9da2a8d90,Northern Sotho,26,Female,condition 2,7.5081,FALSE,8,0.444444444,0.222222222,0.333333333,11,0.5,0.1875,0.3125,0.411764706,0.235294118,0.352941176,0.444444444,0.222222222,0.333333333,0.090909091,0.818181818,0.090909091
79,38.989,5,5,5,30.017,5,3,5,13.531,5,2,5,29.689,4,4,6,18.537,5,5,8,39.358,4,7,5,12.975,1,24.492,2,20.587,0,0,1,60feaeb30d9981f22b233712,Spanish,19,Female,condition 2,8.050933333,FALSE,8,0.333333333,0.333333333,0.333333333,18,0.230769231,0.384615385,0.384615385,0.166666667,0.416666667,0.416666667,0.285714286,0.285714286,0.428571429,0.277777778,0.277777778,0.444444444
80,23.161,5,5,5,15.32,2,8,5,12.601,2,8,5,10.412,5,5,5,10.048,1,1,9,24.324,5,5,5,9.278,2,8.996,2,38.58,0,0,1,61112576c81c42b0409bd52a,ENGLISH,41,Female,condition 2,5.607016667,FALSE,9,0.333333333,0.333333333,0.333333333,11,0.533333333,0.133333333,0.333333333,0.533333333,0.133333333,0.333333333,0.333333333,0.333333333,0.333333333,0.090909091,0.090909091,0.818181818
81,35.382,5,5,5,16.733,4,6,5,9.148,5,6,4,6.919,4,4,7,4.765,7,3,6,31.716,4,7,5,4.074,3,6.968,2,14.454,0,0,1,5ec6d06c67b0da0fb6f85e83,polish,21,Female,condition 2,6.031066667,FALSE,6.5,0.333333333,0.333333333,0.333333333,16,0.4,0.266666667,0.333333333,0.4,0.333333333,0.266666667,0.266666667,0.266666667,0.466666667,0.1875,0.4375,0.375
82,28.919,7,7,4,9.811,2,8,3,8.574,7,6,7,9.932,7,4,7,9.86,1,1,9,20.211,2,6,3,5.034,1,14.548,2,15.298,0,0,1,6087e336334fa026832c5a5a,Italian,22,Male,condition 1,4.934783333,FALSE,6.5,0.388888889,0.388888889,0.222222222,11,0.615384615,0.153846154,0.230769231,0.3,0.35,0.35,0.222222222,0.388888889,0.388888889,0.090909091,0.090909091,0.818181818
83,33.947,9,5,5,14.726,9,5,5,8.089,9,5,5,6.786,7,1,9,13.806,9,5,9,22.669,5,9,5,6.649,1,11.754,2,14.919,0,0,1,5e4f1363edc692368ec41d6c,English,25,Female,condition 2,5.14945,FALSE,8,0.263157895,0.473684211,0.263157895,23,0.263157895,0.473684211,0.263157895,0.263157895,0.473684211,0.263157895,0.058823529,0.411764706,0.529411765,0.217391304,0.391304348,0.391304348
84,47.727,8,6,4,15.443,8,4,2,13.655,8,1,2,8.742,8,1,2,13.905,1,1,9,43.89,4,4,6,4.472,1,11.169,2,59.851,0,0,1,60a56c9d1d96978bf54b6777,Polish,20,Female,condition 1,7.09855,FALSE,7,0.333333333,0.444444444,0.222222222,11,0.285714286,0.571428571,0.142857143,0.090909091,0.727272727,0.181818182,0.090909091,0.727272727,0.181818182,0.090909091,0.090909091,0.818181818
85,29.84,5,7,9,18.051,9,5,5,4.292,9,5,5,3.622,9,5,5,8.974,8,5,8,18.502,6,8,8,5.804,2,8.472,2,6.297,0,0,1,61477af04f922bba4fab7ba6,Portuguese,19,Male,condition 2,4.19525,FALSE,6,0.333333333,0.238095238,0.428571429,21,0.263157895,0.473684211,0.263157895,0.263157895,0.473684211,0.263157895,0.263157895,0.473684211,0.263157895,0.238095238,0.380952381,0.380952381
86,27.039,3,8,4,11.893,2,8,4,14.647,3,7,5,13.627,5,6,6,18.889,5,5,9,20.201,7,2,5,6.377,1,10.317,2,11.694,0,0,1,6086b9cc58c7269cc737c68e,Polish,19,Female,condition 2,6.357166667,FALSE,8,0.533333333,0.2,0.266666667,19,0.571428571,0.142857143,0.285714286,0.466666667,0.2,0.333333333,0.352941176,0.294117647,0.352941176,0.263157895,0.263157895,0.473684211
87,41.358,6,3,2,20.169,5,3,2,6.708,5,3,2,10.363,5,3,2,21.202,2,2,6,29.192,6,3,2,8.818,2,12.966,2,19.508,0,0,1,5f6677f7035c6c267ea50fed,Spanish,43,Male,condition 2,6.872183333,FALSE,8.5,0.272727273,0.545454545,0.181818182,10,0.3,0.5,0.2,0.3,0.5,0.2,0.3,0.5,0.2,0.2,0.2,0.6
88,58.04,5,7,6,14.463,5,7,3,18.157,4,7,3,16.771,4,7,6,24.835,2,2,9,22.411,5,8,3,5.982,2,17.169,2,12.305,0,0,1,5be421c4810cdd00015c59f1,NA,47,Female,condition 2,6.2371,FALSE,6,0.388888889,0.277777778,0.333333333,13,0.466666667,0.333333333,0.2,0.5,0.285714286,0.214285714,0.411764706,0.235294118,0.352941176,0.153846154,0.153846154,0.692307692
89,22.683,5,5,5,13.89,5,7,6,7.929,5,7,6,13.302,7,7,7,8.852,8,8,9,14.876,3,7,5,25.194,2,8.982,2,9.357,0,0,1,60bcc3fb31c7cbb2f165ca2a,NA,NA,NA,condition 1,6.3899,FALSE,8,0.333333333,0.333333333,0.333333333,25,0.388888889,0.277777778,0.333333333,0.388888889,0.277777778,0.333333333,0.333333333,0.333333333,0.333333333,0.32,0.32,0.36
90,24.852,5,6,4,13.043,3,8,6,11.962,4,6,7,10.486,6,6,8,8.577,1,1,9,21.897,4,8,6,4.259,1,9.92,2,9.944,0,0,1,5e9f1f0a0de35f056a5ff749,Polish,20,Male,condition 2,4.027166667,FALSE,6,0.4,0.333333333,0.266666667,11,0.470588235,0.176470588,0.352941176,0.352941176,0.235294118,0.411764706,0.3,0.3,0.4,0.090909091,0.090909091,0.818181818
91,46.039,5,5,2,17.794,5,6,3,9.749,6,4,5,9.92,6,3,5,14.485,5,1,7,15.327,5,7,3,6.136,2,14.307,2,8.348,0,0,1,6110fb15fdcf6ab5ca0893df,English,24,Female,condition 1,5.597583333,FALSE,7.5,0.416666667,0.416666667,0.166666667,13,0.428571429,0.357142857,0.214285714,0.266666667,0.4,0.333333333,0.214285714,0.428571429,0.357142857,0.076923077,0.384615385,0.538461538
92,48.556,5,7,6,13.223,5,7,5,13.668,7,4,6,10.813,6,3,5,14.865,7,3,6,24.101,4,7,6,8.857,3,10.36,2,16.281,0,0,1,60950eabc24b73ee60bdf5be,greek,22,Female,condition 2,5.730533333,FALSE,5.5,0.388888889,0.277777778,0.333333333,16,0.411764706,0.294117647,0.294117647,0.235294118,0.411764706,0.352941176,0.214285714,0.428571429,0.357142857,0.1875,0.4375,0.375
93,47.002,6,4,5,22.736,5,5,7,6.651,4,4,7,5.583,2,2,8,9.028,1,1,9,66.631,3,7,5,5.726,2,14.223,2,24.743,0,0,1,5f1705733abc1c02b11c85f9,Polish,19,Male,condition 2,6.617816667,FALSE,6,0.266666667,0.4,0.333333333,11,0.294117647,0.294117647,0.411764706,0.266666667,0.266666667,0.466666667,0.166666667,0.166666667,0.666666667,0.090909091,0.090909091,0.818181818
94,32.025,6,4,5,10.207,6,4,5,7.214,6,3,5,8.673,7,3,4,7.704,5,5,9,10.18,4,7,9,7.64,1,8.47,2,67.983,0,0,1,5f316280965ec564c886f978,Polish,NA,NA,condition 1,4.707633333,FALSE,6.5,0.266666667,0.4,0.333333333,19,0.266666667,0.4,0.333333333,0.214285714,0.428571429,0.357142857,0.214285714,0.5,0.285714286,0.263157895,0.263157895,0.473684211
95,22.643,1,1,1,12.844,1,4,5,8.678,4,1,5,9.588,1,1,5,8.195,5,1,8,16.367,2,2,6,6.844,1,9.043,2,16.622,0,0,1,608865216bc2e88526195ea2,Polish,19,Male,condition 1,4.41715,FALSE,7,0.333333333,0.333333333,0.333333333,14,0.4,0.1,0.5,0.1,0.4,0.5,0.142857143,0.142857143,0.714285714,0.071428571,0.357142857,0.571428571
96,52.246,5,5,5,19.79,3,7,2,20.054,4,7,3,25.283,6,6,5,26.213,9,1,3,28.07,1,9,1,9.766,2,22.151,2,14.108,0,0,1,61758dd20888ba5bb43c90a5,Bulgarian,21,Male,condition 1,7.346783333,FALSE,9,0.333333333,0.333333333,0.333333333,13,0.583333333,0.25,0.166666667,0.5,0.285714286,0.214285714,0.352941176,0.352941176,0.294117647,0.076923077,0.692307692,0.230769231
97,28.495,8,2,6,16.966,7,5,7,8.242,8,5,4,5.359,5,5,5,12.382,9,3,6,22.525,9,3,5,10.716,3,22.595,2,15.423,0,0,1,615b2ac52b9f0f9b15710f53,Eng,24,Female,condition 1,5.955133333,FALSE,8,0.125,0.5,0.375,18,0.263157895,0.368421053,0.368421053,0.294117647,0.470588235,0.235294118,0.333333333,0.333333333,0.333333333,0.166666667,0.5,0.333333333
98,38.007,3,8,7,11.61,1,9,6,10.657,7,2,7,8.985,7,1,9,10.598,1,1,9,22.494,1,9,1,4.328,1,14.879,2,10.775,0,0,1,5c486e4bacdc40000151ba1f,Greek,24,Male,condition 1,5.016166667,FALSE,8.5,0.444444444,0.166666667,0.388888889,11,0.5625,0.0625,0.375,0.125,0.4375,0.4375,0.058823529,0.411764706,0.529411765,0.090909091,0.090909091,0.818181818
99,20.571,1,1,1,12.392,1,1,1,9.526,1,1,1,7.153,1,1,1,11.827,3,3,9,13.936,5,5,5,5.202,2,8.692,2,18.586,1,0,0,5eaff0f2c2728b034564f257,English,57,Female,condition 1,6.244366667,FALSE,7.5,0.333333333,0.333333333,0.333333333,15,0.333333333,0.333333333,0.333333333,0.333333333,0.333333333,0.333333333,0.333333333,0.333333333,0.333333333,0.2,0.2,0.6
100,37.39,5,5,5,14.543,3,3,7,13.633,6,3,8,11.16,7,1,9,15.086,6,2,9,13.116,1,9,5,6.034,1,7.189,2,11.799,0,0,1,6123eea8454d11a4aab5f42f,NA,NA,NA,condition 2,5.6777,FALSE,8,0.333333333,0.333333333,0.333333333,17,0.230769231,0.230769231,0.538461538,0.176470588,0.352941176,0.470588235,0.058823529,0.411764706,0.529411765,0.117647059,0.352941176,0.529411765
101,46.689,7,3,1,45.521,3,7,1,16.703,4,5,2,9.671,6,2,4,10.795,1,1,9,25.027,2,4,7,5.296,3,10.688,2,12.64,0,0,1,60c7375cba154e330acc1f70,English and Xhosa,22,Hide,condition 2,6.4713,FALSE,8.5,0.272727273,0.636363636,0.090909091,11,0.636363636,0.272727273,0.090909091,0.454545455,0.363636364,0.181818182,0.166666667,0.5,0.333333333,0.090909091,0.090909091,0.818181818
102,26.41,3,7,3,12.539,2,8,4,15.658,6,1,6,9.679,6,1,6,11.985,6,1,6,14.611,9,2,2,6.516,2,7.661,2,12.443,0,0,1,5dee5e827d91c34eceb20319,Portuguese,39,Male,condition 1,4.296333333,FALSE,9,0.538461538,0.230769231,0.230769231,13,0.571428571,0.142857143,0.285714286,0.076923077,0.461538462,0.461538462,0.076923077,0.461538462,0.461538462,0.076923077,0.461538462,0.461538462
103,24.287,4,4,4,9.605,1,2,1,6.806,1,2,1,8.295,1,1,5,5.205,1,1,9,9.987,1,1,1,3.965,1,6.689,2,7.554,0,0,1,614b3e048de88978e44cd9fd,Cantonese,35,Female,condition 1,3.411283333,FALSE,9,0.333333333,0.333333333,0.333333333,11,0.5,0.25,0.25,0.5,0.25,0.25,0.142857143,0.142857143,0.714285714,0.090909091,0.090909091,0.818181818
104,39.638,1,9,5,15.016,1,9,3,12.408,1,9,2,14.919,2,8,4,15.872,1,1,9,27.889,1,9,5,7.259,1,24.681,2,36.943,1,1,1,614f8321333460db43b7f229,Portuguese,68,Female,condition 2,10.17151667,FALSE,9,0.6,0.066666667,0.333333333,11,0.692307692,0.076923077,0.230769231,0.75,0.083333333,0.166666667,0.571428571,0.142857143,0.285714286,0.090909091,0.090909091,0.818181818
105,67.692,5,5,5,22.77,1,9,1,11.644,1,9,1,9.887,1,9,1,13.908,9,1,5,29.004,5,8,3,8.438,1,6.062,2,17.069,1,0,1,5e8dbc03461391042ebdf67c,NA,NA,NA,condition 2,5.434916667,FALSE,7.5,0.333333333,0.333333333,0.333333333,15,0.818181818,0.090909091,0.090909091,0.818181818,0.090909091,0.090909091,0.818181818,0.090909091,0.090909091,0.066666667,0.6,0.333333333
106,32.707,8,2,5,19.367,1,9,4,17.516,5,5,7,6.168,5,5,8,11.212,4,1,9,18.031,1,9,1,5.279,1,9.5,2,20.47,0,0,1,6053719d079d1352f4d7fa32,Portuguese,21,Male,condition 1,6.128716667,FALSE,9,0.133333333,0.533333333,0.333333333,14,0.642857143,0.071428571,0.285714286,0.294117647,0.294117647,0.411764706,0.277777778,0.277777778,0.444444444,0.071428571,0.285714286,0.642857143
107,29.488,5,5,5,22.678,5,6,4,15.123,5,6,4,9.426,5,5,6,14.066,6,5,6,15.469,3,7,3,7.53,1,12.739,2,40.772,0,0,1,611cdb4cf196e495123a7ac4,Spanish,24,Female,condition 1,6.195466667,FALSE,8.5,0.333333333,0.333333333,0.333333333,17,0.4,0.333333333,0.266666667,0.4,0.333333333,0.266666667,0.3125,0.3125,0.375,0.294117647,0.352941176,0.352941176
108,19.482,1,9,1,7.704,1,1,9,9.563,1,1,9,8.988,1,1,9,5.71,1,1,9,16.751,1,1,9,5.616,1,10.581,2,22.485,0,0,1,5eef7da8a4868b05c902ef2d,Portuguese,26,Male,condition 2,4.916833333,FALSE,9,0.818181818,0.090909091,0.090909091,11,0.090909091,0.090909091,0.818181818,0.090909091,0.090909091,0.818181818,0.090909091,0.090909091,0.818181818,0.090909091,0.090909091,0.818181818
109,69.25,5,5,9,22.325,5,5,9,32.268,9,1,1,11.288,9,1,1,16.33,9,9,9,32.502,9,1,5,6.462,7,36.067,2,30.642,0,0,1,617028061465253b03b9aabb,English,27,Female,condition 1,11.0639,FALSE,9,0.263157895,0.263157895,0.473684211,27,0.263157895,0.263157895,0.473684211,0.090909091,0.818181818,0.090909091,0.090909091,0.818181818,0.090909091,0.333333333,0.333333333,0.333333333
110,22.24,5,5,5,14.139,5,5,5,8.666,5,5,5,6.592,5,5,5,22.55,5,5,5,17.775,5,5,5,11.587,2,11.01,2,12.912,0,0,1,601553f8f9d8ea6035685e23,Bengali,41,Male,condition 1,5.2137,TRUE,8.5,0.333333333,0.333333333,0.333333333,15,0.333333333,0.333333333,0.333333333,0.333333333,0.333333333,0.333333333,0.333333333,0.333333333,0.333333333,0.333333333,0.333333333,0.333333333
111,12.02,4,4,9,12.297,2,7,4,5.532,6,2,1,6.28,8,2,1,6.964,9,9,9,12.448,3,6,8,4.191,1,10.306,2,7.892,0,0,1,5f18862cd42a5807dc279034,Portuguese,23,Male,condition 1,5.2833,FALSE,7,0.235294118,0.235294118,0.529411765,27,0.538461538,0.153846154,0.307692308,0.222222222,0.666666667,0.111111111,0.181818182,0.727272727,0.090909091,0.333333333,0.333333333,0.333333333
112,71.647,1,5,2,25.559,1,7,1,25.634,1,1,1,25.12,6,1,5,24.899,9,1,5,33.26,2,7,2,10.856,6,20.242,2,18.944,0,0,1,60633a950aeb96e90172a92b,Portuguese,51,Female,condition 1,10.86975,FALSE,9,0.625,0.125,0.25,15,0.777777778,0.111111111,0.111111111,0.333333333,0.333333333,0.333333333,0.083333333,0.5,0.416666667,0.066666667,0.6,0.333333333
113,25.549,6,6,3,11.514,5,7,4,12.658,5,7,5,11.184,6,6,8,10.815,7,6,9,14.392,7,7,5,4.904,1,11.931,2,12.517,0,0,1,5ee10d5b0017d10ec8702d10,Polish,24,Female,condition 2,8.480733333,FALSE,8.5,0.4,0.4,0.2,22,0.4375,0.3125,0.25,0.411764706,0.294117647,0.294117647,0.3,0.3,0.4,0.272727273,0.318181818,0.409090909
114,23.793,3,7,6,10.89,3,8,5,10.314,5,4,8,12.989,6,4,8,10.893,6,6,9,18.379,3,9,3,8.887,5,11.149,2,15.605,0,0,1,5fe235442178d1da2544d3b0,Italian,21,Male,condition 1,5.874166667,FALSE,9,0.4375,0.1875,0.375,21,0.5,0.1875,0.3125,0.235294118,0.294117647,0.470588235,0.222222222,0.333333333,0.444444444,0.285714286,0.285714286,0.428571429
115,41.921,1,9,1,10.98,1,9,1,8.758,1,9,1,7.831,1,9,1,18.134,1,1,9,15.631,1,1,9,8.174,9,12.895,2,17.991,1,1,0,60b541217ae30e0573ba59be,english,56,Female,condition 2,7.4403,FALSE,9,0.818181818,0.090909091,0.090909091,11,0.818181818,0.090909091,0.090909091,0.818181818,0.090909091,0.090909091,0.818181818,0.090909091,0.090909091,0.090909091,0.090909091,0.818181818
116,38.393,2,8,1,17.796,3,7,1,10.892,3,7,1,11.922,5,5,3,12.715,1,1,9,27.399,6,6,5,7.848,1,13.408,2,19.559,0,0,1,5c73d1a39e3b0800018131b2,estonian,39,Male,condition 2,5.892833333,FALSE,7.5,0.727272727,0.181818182,0.090909091,11,0.636363636,0.272727273,0.090909091,0.636363636,0.272727273,0.090909091,0.384615385,0.384615385,0.230769231,0.090909091,0.090909091,0.818181818
117,31.68,9,9,9,41.94,5,9,5,22.661,5,9,5,16.758,7,9,7,20.326,9,1,1,16.634,9,9,9,5.318,1,14.818,2,24.975,0,0,1,615a028ae7c469f84dcd7fcd,Sepedi,23,Female,condition 1,7.683133333,FALSE,9,0.333333333,0.333333333,0.333333333,11,0.473684211,0.263157895,0.263157895,0.473684211,0.263157895,0.263157895,0.391304348,0.304347826,0.304347826,0.090909091,0.818181818,0.090909091
118,59.425,6,3,8,30.005,3,8,7,20.731,3,7,7,14.905,6,6,7,21.408,8,4,7,34.369,3,8,4,9.264,4,25.302,2,29.908,1,0,1,61535f0be88cfbeb7bc0bf04,Isixhosa,35,Female,condition 2,8.0611,FALSE,6.5,0.176470588,0.352941176,0.470588235,19,0.444444444,0.166666667,0.388888889,0.411764706,0.176470588,0.411764706,0.315789474,0.315789474,0.368421053,0.210526316,0.421052632,0.368421053
119,28.903,2,5,4,21.977,3,6,6,17.546,3,4,5,10.753,2,3,6,12.774,2,2,9,23.006,2,2,9,10.054,3,23.901,2,184.377,1,1,1,60cce61cc85b20f217065807,isizulu,28,Female,condition 2,10.76308333,FALSE,9,0.454545455,0.181818182,0.363636364,13,0.4,0.2,0.4,0.333333333,0.25,0.416666667,0.272727273,0.181818182,0.545454545,0.153846154,0.153846154,0.692307692
120,77.574,1,8,5,16.063,1,9,3,18.821,2,7,4,23.103,3,7,6,13.703,9,1,1,23.715,1,9,5,10.646,1,38.479,2,19.256,0,0,1,6130e10ce452cdc99435ef3d,English,25,Female,condition 1,9.28765,FALSE,5.5,0.571428571,0.071428571,0.357142857,11,0.692307692,0.076923077,0.230769231,0.538461538,0.153846154,0.307692308,0.4375,0.1875,0.375,0.090909091,0.818181818,0.090909091
121,48.929,7,3,5,35.693,2,8,6,15.723,8,3,5,10.682,3,3,8,17.151,4,1,9,27.186,4,8,6,7.224,9,22.11,2,24.439,0,0,1,5ed6930b4b6b7d0da3c7a6e5,Portuguese,21,Male,condition 1,6.631016667,FALSE,9,0.2,0.466666667,0.333333333,14,0.5,0.125,0.375,0.1875,0.5,0.3125,0.214285714,0.214285714,0.571428571,0.071428571,0.285714286,0.642857143
122,19.034,5,5,9,28.855,4,7,7,8.873,3,3,8,4.818,3,3,9,9.755,3,1,9,29.455,5,5,8,6.055,1,20.733,2,18.583,1,1,0,6082e38097738d4697b338b5,Portuguese,23,Male,condition 2,5.629133333,FALSE,9,0.263157895,0.263157895,0.473684211,13,0.388888889,0.222222222,0.388888889,0.214285714,0.214285714,0.571428571,0.2,0.2,0.6,0.076923077,0.230769231,0.692307692
123,60.9,6,4,5,17.812,5,5,5,10.525,5,2,5,8.77,5,2,5,22.907,5,1,5,32.91,3,8,3,4.934,2,31.408,2,24.368,0,0,1,602126feefdc4605a12db961,polish,23,Female,condition 1,7.127216667,FALSE,6.5,0.266666667,0.4,0.333333333,11,0.333333333,0.333333333,0.333333333,0.166666667,0.416666667,0.416666667,0.166666667,0.416666667,0.416666667,0.090909091,0.454545455,0.454545455
124,36.483,4,7,5,26.402,3,8,6,22.302,2,8,6,16.102,4,7,5,18.905,4,4,9,28.414,5,9,2,10.854,3,28.62,2,21.545,0,0,1,6165db956594c07a6579ac84,IsiXhosa,24,Female,condition 2,9.797183333,FALSE,7,0.4375,0.25,0.3125,17,0.470588235,0.176470588,0.352941176,0.5,0.125,0.375,0.4375,0.25,0.3125,0.235294118,0.235294118,0.529411765
125,34.561,3,7,6,30.792,2,7,5,18.931,5,6,6,19.975,6,4,8,15.618,7,1,8,24.02,3,9,6,5.834,2,13.77,2,17.964,0,0,1,612fad41f4d345e76de88d53,Spanish,22,Male,condition 1,6.287883333,FALSE,8.5,0.4375,0.1875,0.375,16,0.5,0.142857143,0.357142857,0.352941176,0.294117647,0.352941176,0.222222222,0.333333333,0.444444444,0.0625,0.4375,0.5
126,45.515,5,5,5,23.453,4,6,5,25.354,5,4,5,10.86,4,4,5,9.241,1,1,9,60.987,5,5,5,7.314,1,21.865,2,18.581,0,0,1,599f0d29ec626e0001d53f47,Cantonese,43,Female,condition 2,10.5765,FALSE,9,0.333333333,0.333333333,0.333333333,11,0.4,0.266666667,0.333333333,0.285714286,0.357142857,0.357142857,0.307692308,0.307692308,0.384615385,0.090909091,0.090909091,0.818181818
127,23.176,3,9,2,13.461,1,9,1,15.271,1,9,1,13.611,3,9,4,9.012,9,9,9,19.821,3,9,3,4.727,1,7.59,2,12.647,0,0,1,612cf51053029f8397dde174,hungarian,31,Male,condition 2,3.627133333,FALSE,9,0.642857143,0.214285714,0.142857143,27,0.818181818,0.090909091,0.090909091,0.818181818,0.090909091,0.090909091,0.5625,0.1875,0.25,0.333333333,0.333333333,0.333333333
128,25.958,5,5,5,8.789,4,8,5,5.437,4,7,5,11.981,5,6,7,12.936,9,1,9,17.311,2,7,8,7.586,1,9.109,2,18.985,0,0,1,5af1773a5bbd0b00015ec658,Polish,NA,NA,condition 2,6.85525,FALSE,8,0.333333333,0.333333333,0.333333333,19,0.470588235,0.235294118,0.294117647,0.4375,0.25,0.3125,0.333333333,0.277777778,0.388888889,0.052631579,0.473684211,0.473684211
129,28.363,5,5,4,16.507,7,5,4,12.833,8,3,3,20.361,5,3,6,16.076,4,4,8,20.603,5,7,4,16.8,5,27.063,2,18.969,0,0,1,611e4aad7f8f811ba1871763,Shona,20,Female,condition 2,6.926783333,FALSE,7,0.357142857,0.357142857,0.285714286,16,0.3125,0.4375,0.25,0.214285714,0.571428571,0.214285714,0.214285714,0.357142857,0.428571429,0.25,0.25,0.5
130,30.785,4,9,2,20.308,4,9,2,7.168,5,6,2,6.008,6,6,2,9.112,1,1,9,35.029,2,8,1,5.947,1,44.292,2,27.629,0,0,1,5f056d0829c0c986b7d9d4f5,NA,NA,NA,condition 1,8.6884,FALSE,8,0.6,0.266666667,0.133333333,11,0.6,0.266666667,0.133333333,0.461538462,0.384615385,0.153846154,0.428571429,0.428571429,0.142857143,0.090909091,0.090909091,0.818181818
131,40.008,2,8,5,11.398,2,8,5,6.457,2,8,5,7.885,2,8,5,17.857,9,2,5,20.007,9,7,5,8.678,2,18.592,2,12.848,0,0,1,611424d6d8ab51566db0adc1,English,30,Male,condition 2,8.143466667,FALSE,7.5,0.533333333,0.133333333,0.333333333,16,0.533333333,0.133333333,0.333333333,0.533333333,0.133333333,0.333333333,0.533333333,0.133333333,0.333333333,0.125,0.5625,0.3125
132,29.506,8,7,7,44.491,6,8,6,15.223,8,6,7,18.126,8,4,6,20.417,9,6,7,28.251,6,9,7,8.761,3,37.036,2,35.561,0,0,1,5c8ab0f10de08f00016e43a1,Polish,32,Male,condition 2,9.983233333,FALSE,8.5,0.318181818,0.363636364,0.318181818,22,0.4,0.3,0.3,0.285714286,0.380952381,0.333333333,0.222222222,0.444444444,0.333333333,0.272727273,0.409090909,0.318181818
133,32.117,1,1,1,11.914,1,1,1,9.625,1,1,1,15.75,1,1,1,9.188,1,1,1,63.772,7,7,8,8.27,1,20.285,2,15.421,0,0,1,5f07529227813a325372ddd7,Afrikaans,39,Male,condition 2,7.9153,TRUE,8.5,0.333333333,0.333333333,0.333333333,3,0.333333333,0.333333333,0.333333333,0.333333333,0.333333333,0.333333333,0.333333333,0.333333333,0.333333333,0.333333333,0.333333333,0.333333333
134,22.871,5,5,5,9.376,5,4,5,13.931,5,4,5,12.095,5,4,5,9.93,6,4,6,41.984,3,7,5,6.983,1,19.311,2,19.2,0,0,1,61507975809e664f28a20b5f,French,43,Male,condition 2,12.18695,FALSE,9,0.333333333,0.333333333,0.333333333,16,0.285714286,0.357142857,0.357142857,0.285714286,0.357142857,0.357142857,0.285714286,0.357142857,0.357142857,0.25,0.375,0.375
135,28.984,3,3,3,20.421,4,2,4,16.189,5,1,5,13.986,5,1,5,6.478,7,1,7,34.578,4,8,4,5.795,5,9.178,2,24.987,0,0,1,60ed013b51f6cb78bb82f024,Portuguese,19,Male,condition 1,7.072183333,FALSE,5.5,0.333333333,0.333333333,0.333333333,15,0.2,0.4,0.4,0.090909091,0.454545455,0.454545455,0.090909091,0.454545455,0.454545455,0.066666667,0.466666667,0.466666667
136,60.314,4,4,5,23.999,6,3,5,28.247,6,6,2,12.494,6,6,3,29.566,8,1,8,74.988,5,6,5,5.815,2,15.016,2,17.79,0,0,1,60aac5f6090ebe59cbba1547,Polish,22,Female,condition 2,9.159683333,FALSE,8,0.307692308,0.307692308,0.384615385,17,0.214285714,0.428571429,0.357142857,0.428571429,0.428571429,0.142857143,0.4,0.4,0.2,0.058823529,0.470588235,0.470588235
137,44.177,5,6,5,11.101,4,7,5,66.071,7,5,4,10.076,8,4,4,9.599,9,1,1,23.077,5,5,5,6.903,2,7.53,2,12.802,0,0,1,613c7f2ecc9ac480c70fcea8,Dutch & English,24,Female,condition 1,10.56693333,FALSE,7.5,0.375,0.3125,0.3125,11,0.4375,0.25,0.3125,0.3125,0.4375,0.25,0.25,0.5,0.25,0.090909091,0.818181818,0.090909091
138,23.544,2,7,5,14.434,2,6,6,5.947,1,6,6,7.809,1,6,7,12.543,3,1,8,12.321,3,9,5,4.761,2,9.123,2,21.452,0,0,1,5ee8c79585a3301e5867c09a,Polish,21,Male,condition 2,11.85858333,FALSE,8,0.5,0.142857143,0.357142857,12,0.428571429,0.142857143,0.428571429,0.461538462,0.076923077,0.461538462,0.428571429,0.071428571,0.5,0.083333333,0.25,0.666666667
139,131.513,5,2,1,37.408,4,6,2,23.654,5,5,5,51.937,4,4,1,35.354,9,2,3,47.988,3,7,5,14.449,2,30.217,2,27.41,0,0,1,60f882dc7ca7b1a971cd2742,IsiZulu,28,Male,condition 2,15.33125,FALSE,8,0.25,0.625,0.125,14,0.5,0.333333333,0.166666667,0.333333333,0.333333333,0.333333333,0.444444444,0.444444444,0.111111111,0.142857143,0.642857143,0.214285714
140,22.361,5,5,9,14.139,3,9,5,10.048,5,3,5,9,8,4,6,9.578,5,5,9,516.47,6,6,9,7.577,2,13.246,2,17.163,0,0,1,6082f09379b513197ffeb54e,italian,23,Female,condition 1,13.99618333,FALSE,8.5,0.263157895,0.263157895,0.473684211,19,0.529411765,0.176470588,0.294117647,0.230769231,0.384615385,0.384615385,0.222222222,0.444444444,0.333333333,0.263157895,0.263157895,0.473684211
141,77.58,9,9,9,51.292,7,7,7,7.223,7,7,7,18.955,7,7,7,15.606,7,7,7,54.868,9,9,9,16.094,8,30.46,1,21.726,0,0,0,60fd8c01d1183773522bfc3f,Afrikaans,64,Male,condition 1,10.71133333,FALSE,5,0.333333333,0.333333333,0.333333333,21,0.333333333,0.333333333,0.333333333,0.333333333,0.333333333,0.333333333,0.333333333,0.333333333,0.333333333,0.333333333,0.333333333,0.333333333
142,38.346,5,5,9,25.112,1,9,3,16.489,6,3,2,15.887,7,3,2,13.57,9,1,3,27.366,1,9,3,14.233,3,20.528,2,31.664,0,0,1,5e5c40b5651391430a31975b,spanish,30,Female,condition 1,12.5446,FALSE,8.5,0.263157895,0.263157895,0.473684211,13,0.692307692,0.076923077,0.230769231,0.272727273,0.545454545,0.181818182,0.25,0.583333333,0.166666667,0.076923077,0.692307692,0.230769231
143,55.493,6,4,5,51.681,4,6,5,39.473,4,4,7,19.214,3,3,7,33.003,5,5,9,55.686,2,9,2,19.64,9,23.162,2,37.898,0,0,1,615ce8fafdcf13eca437211b,Spanish,21,Female,condition 1,14.02823333,FALSE,9,0.266666667,0.4,0.333333333,19,0.4,0.266666667,0.333333333,0.266666667,0.266666667,0.466666667,0.230769231,0.230769231,0.538461538,0.263157895,0.263157895,0.473684211
144,84.702,7,3,5,64.333,7,6,9,17.182,9,1,8,18.28,9,2,8,31.754,9,9,9,26.908,1,9,5,16.461,1,127.068,2,31.164,0,0,1,611d762287bd19587be1b399,Zulu,27,Female,condition 1,13.85145,FALSE,7.5,0.2,0.466666667,0.333333333,27,0.272727273,0.318181818,0.409090909,0.055555556,0.5,0.444444444,0.105263158,0.473684211,0.421052632,0.333333333,0.333333333,0.333333333
145,28.61,5,8,1,7.808,1,9,3,9.357,1,8,6,9.643,4,4,9,10.476,1,1,9,22.049,5,5,7,7.304,1,13.652,2,22.249,0,0,1,5c1fea2d29d54a0001f3e932,Slovenian,21,Male,condition 2,16.23805,FALSE,6.5,0.571428571,0.357142857,0.071428571,11,0.692307692,0.076923077,0.230769231,0.533333333,0.066666667,0.4,0.235294118,0.235294118,0.529411765,0.090909091,0.090909091,0.818181818
146,13.817,9,8,6,12.612,9,5,9,26.789,9,6,6,10.616,9,9,9,4.892,9,9,9,5.086,9,9,9,2.855,9,9.612,1,17.694,0,0,1,6176d4b5e99165378d50d590,NA,NA,NA,condition 1,4.26075,FALSE,9,0.347826087,0.391304348,0.260869565,27,0.217391304,0.391304348,0.391304348,0.285714286,0.428571429,0.285714286,0.333333333,0.333333333,0.333333333,0.333333333,0.333333333,0.333333333
147,49.648,5,5,6,16.354,5,7,7,19.126,7,2,5,12.419,7,3,6,5.994,9,9,9,35.063,5,5,5,16.63,2,24.448,2,31.311,0,0,1,6081bbe2119b4eea6b6744bf,Polish,20,Male,condition 1,19.66033333,FALSE,5.5,0.3125,0.3125,0.375,27,0.368421053,0.263157895,0.368421053,0.142857143,0.5,0.357142857,0.1875,0.4375,0.375,0.333333333,0.333333333,0.333333333
148,15.935,5,6,4,8.059,4,7,4,8.728,5,5,5,6.112,6,5,6,21.126,8,2,7,11.745,5,7,4,5.606,3,5.214,2,8.594,0,0,1,5a84b912000dab00018c98a9,Portuguese,22,Male,condition 2,19.82368333,FALSE,7,0.4,0.333333333,0.266666667,17,0.466666667,0.266666667,0.266666667,0.333333333,0.333333333,0.333333333,0.294117647,0.352941176,0.352941176,0.117647059,0.470588235,0.411764706
149,15.411,3,7,5,14.566,2,8,4,6.002,7,3,4,6.192,8,2,4,12.494,9,1,3,15.763,3,8,4,5.779,1,9.273,2,13.111,0,0,1,60e467a0b2c2ef1e594bd577,Portuguese,20,Male,condition 1,23.08806667,FALSE,7,0.466666667,0.2,0.333333333,13,0.571428571,0.142857143,0.285714286,0.214285714,0.5,0.285714286,0.142857143,0.571428571,0.285714286,0.076923077,0.692307692,0.230769231
150,73.783,2,8,4,33.9,3,8,4,27.959,3,8,4,21.627,4,7,5,32.175,9,9,9,50.911,4,8,5,23.513,7,23.459,2,27.185,0,0,1,60dd93c4487f36b6127a512d,English,38,Male,condition 2,24.05576667,FALSE,8.5,0.571428571,0.142857143,0.285714286,27,0.533333333,0.2,0.266666667,0.533333333,0.2,0.266666667,0.4375,0.25,0.3125,0.333333333,0.333333333,0.333333333
151,25.234,6,4,5,36.464,7,5,6,6.611,3,8,4,96.52,4,7,4,19.078,9,4,8,1198.798,6,4,1,7.291,6,17.108,2,53.441,0,0,1,5ec6a9aff52d110bac5d1763,Polish,NA,NA,condition 2,29.8927,FALSE,7.5,0.266666667,0.4,0.333333333,21,0.277777778,0.388888889,0.333333333,0.533333333,0.2,0.266666667,0.466666667,0.266666667,0.266666667,0.19047619,0.428571429,0.380952381
152,30.572,6,5,8,14.23,7,9,6,11.772,7,6,4,73.679,6,7,4,18.391,9,2,6,82.235,9,7,7,6.391,7,11.637,2,18.229,1,1,1,6144c14d93e88592f8e9750d,English,25,Female,condition 2,35.62771667,FALSE,6,0.263157895,0.315789474,0.421052632,17,0.409090909,0.318181818,0.272727273,0.352941176,0.411764706,0.235294118,0.411764706,0.352941176,0.235294118,0.117647059,0.529411765,0.352941176
153,17.483,3,3,3,12.83,1,1,5,7.466,1,1,6,4.646,3,3,3,26.223,5,1,9,9.109,5,5,2,3.928,3,9.647,2,6.861,0,0,1,5faa9c340cc79c413dade876,Polish,24,Male,condition 2,3.681766667,FALSE,6,0.333333333,0.333333333,0.333333333,15,0.142857143,0.142857143,0.714285714,0.125,0.125,0.75,0.333333333,0.333333333,0.333333333,0.066666667,0.333333333,0.6
154,92.969,3,7,5,38.382,3,8,5,35.902,3,5,5,25.379,4,3,6,30.737,6,3,8,49.053,3,7,5,32.582,2,66.918,1,61.413,0,0,1,5fbfe145e52a44000a9c2966,NA,NA,NA,condition 1,15.67698333,FALSE,7.5,0.466666667,0.2,0.333333333,17,0.5,0.1875,0.3125,0.384615385,0.230769231,0.384615385,0.230769231,0.307692308,0.461538462,0.176470588,0.352941176,0.470588235
155,23.594,5,5,5,10.681,6,4,5,7.744,7,3,5,9.996,6,4,5,13.909,7,1,7,23.079,3,7,5,9.762,3,13.159,2,17.389,0,0,1,6138bd1ef0be33edbefe6cd1,Hungarian,30,Male,condition 1,86.26021667,FALSE,7.5,0.333333333,0.333333333,0.333333333,15,0.266666667,0.4,0.333333333,0.2,0.466666667,0.333333333,0.266666667,0.4,0.333333333,0.066666667,0.466666667,0.466666667
